ID,Pred
2026_1103_1104,0.3081389962895984
2026_1103_1112,0.3082353704661742
2026_1103_1116,0.30823866441503567
2026_1103_1140,0.3082337147742059
2026_1103_1155,0.30822593659018904
2026_1103_1163,0.30823938618599434
2026_1103_1181,0.30822924120969175
2026_1103_1196,0.3082653395892735
2026_1103_1202,0.6918393520750963
2026_1103_1208,0.30812858773861085
2026_1103_1211,0.3081673891526402
2026_1103_1218,0.6918457503867202
2026_1103_1219,0.6918297193406285
2026_1103_1220,0.6918274882456407
2026_1103_1222,0.3082710409303382
2026_1103_1224,0.6919050157218507
2026_1103_1225,0.6918250176051017
2026_1103_1228,0.3082613815795727
2026_1103_1234,0.30824280022443895
2026_1103_1235,0.30818610627500176
2026_1103_1242,0.30832023348362725
2026_1103_1244,0.6918573291883194
2026_1103_1246,0.30817537373094206
2026_1103_1250,0.6918314971811309
2026_1103_1254,0.6918622548513818
2026_1103_1257,0.3082409612879239
2026_1103_1270,0.3083250286047242
2026_1103_1274,0.3081695735019322
2026_1103_1275,0.30823079143023746
2026_1103_1276,0.30808705964934224
2026_1103_1277,0.30828253446172627
2026_1103_1281,0.3081843302906886
2026_1103_1295,0.6918249458173968
2026_1103_1301,0.30815846527065527
2026_1103_1304,0.30826432345209087
2026_1103_1314,0.3083020842314016
2026_1103_1320,0.3082612898308146
2026_1103_1326,0.3082162292374896
2026_1103_1335,0.6918383756846391
2026_1103_1341,0.6918106727985589
2026_1103_1345,0.3082250837274927
2026_1103_1365,0.308189036719002
2026_1103_1373,0.6918380580112194
2026_1103_1374,0.3081536267616404
2026_1103_1378,0.30822537377308035
2026_1103_1385,0.3082665768241609
2026_1103_1387,0.3081359561545276
2026_1103_1388,0.30829263479473357
2026_1103_1395,0.30820470919383425
2026_1103_1397,0.30818882846241624
2026_1103_1398,0.6918895646045263
2026_1103_1400,0.3081520789659479
2026_1103_1401,0.3081646687480041
2026_1103_1403,0.3081564238883019
2026_1103_1407,0.6917761414978281
2026_1103_1416,0.30821412948315585
2026_1103_1417,0.30822897119092263
2026_1103_1420,0.6918998789618087
2026_1103_1429,0.3082225884271005
2026_1103_1433,0.30821694416946266
2026_1103_1435,0.3082594055334801
2026_1103_1437,0.30823498604699373
2026_1103_1438,0.3081478914030218
2026_1103_1458,0.30820470535362043
2026_1103_1460,0.6918570459640395
2026_1103_1465,0.6918258757426267
2026_1103_1474,0.6918551965108906
2026_1104_1112,0.30822127406558564
2026_1104_1116,0.6918111479313171
2026_1104_1140,0.6918074601955378
2026_1104_1155,0.6917531767931091
2026_1104_1163,0.308182072708987
2026_1104_1181,0.3082247148071777
2026_1104_1196,0.3082626333131341
2026_1104_1202,0.6917484899725852
2026_1104_1208,0.6918116397144228
2026_1104_1211,0.3081036391563119
2026_1104_1218,0.6917800269836488
2026_1104_1219,0.6917415528725799
2026_1104_1220,0.691892527965736
2026_1104_1222,0.3082413964563102
2026_1104_1224,0.6918959426842035
2026_1104_1225,0.6917440242532663
2026_1104_1228,0.30824714401260633
2026_1104_1234,0.6917399577544374
2026_1104_1235,0.308122153077255
2026_1104_1242,0.6918607380286529
2026_1104_1244,0.6918216596402439
2026_1104_1246,0.6918180202094096
2026_1104_1250,0.6916553507482222
2026_1104_1254,0.691770030000046
2026_1104_1257,0.6917174546538328
2026_1104_1270,0.6917086250854407
2026_1104_1274,0.6917362844266973
2026_1104_1275,0.6917925556453908
2026_1104_1276,0.30813868720357507
2026_1104_1277,0.30820359589456814
2026_1104_1281,0.6917675753075331
2026_1104_1295,0.691753721683666
2026_1104_1301,0.6917920951004999
2026_1104_1304,0.6917772450326574
2026_1104_1314,0.6917959176602154
2026_1104_1320,0.6917631454580313
2026_1104_1326,0.6917272448475776
2026_1104_1335,0.6917092988972929
2026_1104_1341,0.691614768201251
2026_1104_1345,0.3081360211768214
2026_1104_1365,0.6918363877756775
2026_1104_1373,0.6917389159883398
2026_1104_1374,0.6918192226274957
2026_1104_1378,0.6917453103255163
2026_1104_1385,0.6917620436305106
2026_1104_1387,0.691808230682739
2026_1104_1388,0.691777957347524
2026_1104_1395,0.6917809680062034
2026_1104_1397,0.691807756898299
2026_1104_1398,0.6918093556477957
2026_1104_1400,0.6917495683152309
2026_1104_1401,0.6916816176667829
2026_1104_1403,0.6918762757711856
2026_1104_1407,0.6916573016461476
2026_1104_1416,0.6917667562631062
2026_1104_1417,0.6917197469911814
2026_1104_1420,0.6918753706115616
2026_1104_1429,0.6917797396576566
2026_1104_1433,0.6917376133305032
2026_1104_1435,0.6917384053886777
2026_1104_1437,0.691797067132048
2026_1104_1438,0.3082314058726733
2026_1104_1458,0.6917631241338007
2026_1104_1460,0.6918553750175335
2026_1104_1465,0.6917118524586645
2026_1104_1474,0.6917545357525307
2026_1112_1116,0.6918190530329302
2026_1112_1140,0.6918395746076235
2026_1112_1155,0.6917415560184644
2026_1112_1163,0.6917244079597853
2026_1112_1181,0.3083164486929427
2026_1112_1196,0.3083549171365968
2026_1112_1202,0.6916095449375359
2026_1112_1208,0.6917688188746123
2026_1112_1211,0.691794493949441
2026_1112_1218,0.6918659609974513
2026_1112_1219,0.6918613384601471
2026_1112_1220,0.6917427465302013
2026_1112_1222,0.6917495416027255
2026_1112_1224,0.6916315707303157
2026_1112_1225,0.6916147583828682
2026_1112_1228,0.6917022712798047
2026_1112_1234,0.6917401819397001
2026_1112_1235,0.6917365546883322
2026_1112_1242,0.6918090274125996
2026_1112_1244,0.6917524613581764
2026_1112_1246,0.6917913189985495
2026_1112_1250,0.6914465377799227
2026_1112_1254,0.6918588371320559
2026_1112_1257,0.6917334106251375
2026_1112_1270,0.6916579513268033
2026_1112_1274,0.6918168072143097
2026_1112_1275,0.691734340779957
2026_1112_1276,0.30823908096862895
2026_1112_1277,0.6917218377451543
2026_1112_1281,0.691810704390254
2026_1112_1295,0.6916537640945333
2026_1112_1301,0.6918208627165503
2026_1112_1304,0.6917505044458286
2026_1112_1314,0.6917700251252393
2026_1112_1320,0.6917366682888623
2026_1112_1326,0.6917301244966083
2026_1112_1335,0.6916519824414956
2026_1112_1341,0.6914207433873097
2026_1112_1345,0.6917317455431847
2026_1112_1365,0.6917760665257334
2026_1112_1373,0.6915807086914395
2026_1112_1374,0.6917810202868067
2026_1112_1378,0.69169833956807
2026_1112_1385,0.6917508285433513
2026_1112_1387,0.6917662879465519
2026_1112_1388,0.691771182096542
2026_1112_1395,0.6917433816453906
2026_1112_1397,0.6917904246834424
2026_1112_1398,0.6915720101493551
2026_1112_1400,0.6918268228730327
2026_1112_1401,0.6917135154371915
2026_1112_1403,0.691785371270574
2026_1112_1407,0.6915996499491502
2026_1112_1416,0.691714758488431
2026_1112_1417,0.6917185586122329
2026_1112_1420,0.6916200963256044
2026_1112_1429,0.6918748545163462
2026_1112_1433,0.6917036738165625
2026_1112_1435,0.691710364003132
2026_1112_1437,0.6918942505621907
2026_1112_1438,0.6917458484517376
2026_1112_1458,0.6918338639869223
2026_1112_1460,0.6917270981371846
2026_1112_1465,0.6916857477826857
2026_1112_1474,0.6917529381640521
2026_1116_1140,0.6918131209884297
2026_1116_1155,0.6917329451086147
2026_1116_1163,0.30818787802290304
2026_1116_1181,0.30825177328260955
2026_1116_1196,0.30829565710031426
2026_1116_1202,0.6916880087478275
2026_1116_1208,0.6917287403244152
2026_1116_1211,0.30808791944906244
2026_1116_1218,0.6918985562021346
2026_1116_1219,0.6918648656958044
2026_1116_1220,0.6917905369175448
2026_1116_1222,0.3082642190258652
2026_1116_1224,0.6918056921679562
2026_1116_1225,0.6917691563046665
2026_1116_1228,0.3082651700064455
2026_1116_1234,0.6917393169856391
2026_1116_1235,0.308137980811623
2026_1116_1242,0.30830600117980644
2026_1116_1244,0.6918070827727346
2026_1116_1246,0.6917903942260102
2026_1116_1250,0.6916936820933217
2026_1116_1254,0.6918918928227922
2026_1116_1257,0.6917181318937996
2026_1116_1270,0.6917236987527131
2026_1116_1274,0.69173691947211
2026_1116_1275,0.691742471917994
2026_1116_1276,0.3082066323980439
2026_1116_1277,0.3082028913821526
2026_1116_1281,0.6918046239798181
2026_1116_1295,0.6916875900559076
2026_1116_1301,0.6918061299652027
2026_1116_1304,0.3082049375171706
2026_1116_1314,0.6917897557115357
2026_1116_1320,0.691776333000731
2026_1116_1326,0.6917307726676467
2026_1116_1335,0.6917323301495703
2026_1116_1341,0.6916474787461058
2026_1116_1345,0.308110654917647
2026_1116_1365,0.6918082476629506
2026_1116_1373,0.6917689228397407
2026_1116_1374,0.6917980509091416
2026_1116_1378,0.6917594980816552
2026_1116_1385,0.6917606838386811
2026_1116_1387,0.6917382067316958
2026_1116_1388,0.6917749159634685
2026_1116_1395,0.6917600544363668
2026_1116_1397,0.6917652463396282
2026_1116_1398,0.6917812459457934
2026_1116_1400,0.6917782486159052
2026_1116_1401,0.6916826429181135
2026_1116_1403,0.6918131502227614
2026_1116_1407,0.6916751950159421
2026_1116_1416,0.6917594197667
2026_1116_1417,0.6917054473135344
2026_1116_1420,0.6917782687301709
2026_1116_1429,0.6918205043504781
2026_1116_1433,0.6917499226605747
2026_1116_1435,0.6917266622727479
2026_1116_1437,0.6918274221377689
2026_1116_1438,0.30826374869978945
2026_1116_1458,0.6918132613999628
2026_1116_1460,0.6917587713790633
2026_1116_1465,0.6917251903506982
2026_1116_1474,0.6918213118914572
2026_1140_1155,0.6917414030641011
2026_1140_1163,0.3082083461531493
2026_1140_1181,0.30818801793132145
2026_1140_1196,0.30822426513591394
2026_1140_1202,0.6917303548866961
2026_1140_1208,0.6917528302804699
2026_1140_1211,0.30811064133249577
2026_1140_1218,0.6918505333815783
2026_1140_1219,0.6918111603004864
2026_1140_1220,0.6918087942964402
2026_1140_1222,0.3082101815515145
2026_1140_1224,0.6918200171360213
2026_1140_1225,0.6917175590660942
2026_1140_1228,0.3082109234690571
2026_1140_1234,0.6917549769761762
2026_1140_1235,0.30815410730551096
2026_1140_1242,0.30829351170522856
2026_1140_1244,0.6918913870531594
2026_1140_1246,0.6917853832090485
2026_1140_1250,0.6917138999127111
2026_1140_1254,0.6918572680119411
2026_1140_1257,0.6917180086684018
2026_1140_1270,0.6917495296146607
2026_1140_1274,0.6917909853186717
2026_1140_1275,0.6917530851762775
2026_1140_1276,0.30815127645684404
2026_1140_1277,0.30820743819876073
2026_1140_1281,0.6918096454709602
2026_1140_1295,0.6917264248342648
2026_1140_1301,0.6918404120795084
2026_1140_1304,0.3082042880696749
2026_1140_1314,0.308256702218896
2026_1140_1320,0.6917848176778709
2026_1140_1326,0.691728581472908
2026_1140_1335,0.6917617461738438
2026_1140_1341,0.6916738442881807
2026_1140_1345,0.30811757141014906
2026_1140_1365,0.6918201168502404
2026_1140_1373,0.69171088185367
2026_1140_1374,0.6918111958859549
2026_1140_1378,0.6917512717903446
2026_1140_1385,0.3082018807989736
2026_1140_1387,0.6917640804595786
2026_1140_1388,0.6917833085645879
2026_1140_1395,0.6917642301913289
2026_1140_1397,0.30816097288958166
2026_1140_1398,0.6917916976550799
2026_1140_1400,0.6918384813054977
2026_1140_1401,0.6916604749730102
2026_1140_1403,0.3082166345897782
2026_1140_1407,0.6916912222707788
2026_1140_1416,0.6917708764760315
2026_1140_1417,0.6917306851909236
2026_1140_1420,0.6917937295521144
2026_1140_1429,0.6918243553141894
2026_1140_1433,0.6917413480103185
2026_1140_1435,0.3081951333761367
2026_1140_1437,0.691823765847913
2026_1140_1438,0.3081972799996452
2026_1140_1458,0.3081487650566549
2026_1140_1460,0.6917876849713183
2026_1140_1465,0.6917513442896579
2026_1140_1474,0.6918440709187874
2026_1155_1163,0.3081978289164251
2026_1155_1181,0.30815913682881957
2026_1155_1196,0.30810490355067965
2026_1155_1202,0.691849985239408
2026_1155_1208,0.6917540779376304
2026_1155_1211,0.3081913503481626
2026_1155_1218,0.6918186758779278
2026_1155_1219,0.6917638388935331
2026_1155_1220,0.6918270796650269
2026_1155_1222,0.30815870513939314
2026_1155_1224,0.6917606973954102
2026_1155_1225,0.6918718466512264
2026_1155_1228,0.30817039711773087
2026_1155_1234,0.6917980593249651
2026_1155_1235,0.30821056410777836
2026_1155_1242,0.30830467956834595
2026_1155_1244,0.6918212410327803
2026_1155_1246,0.3082315938777337
2026_1155_1250,0.6918930768032664
2026_1155_1254,0.691758085518278
2026_1155_1257,0.3081810442743904
2026_1155_1270,0.6919003266213695
2026_1155_1274,0.3081860543214129
2026_1155_1275,0.6917563479337392
2026_1155_1276,0.3082130141339404
2026_1155_1277,0.3081959497152451
2026_1155_1281,0.6918031712564832
2026_1155_1295,0.6918357560713193
2026_1155_1301,0.6918255155066625
2026_1155_1304,0.30816297316588137
2026_1155_1314,0.3082243804714244
2026_1155_1320,0.6918577957794249
2026_1155_1326,0.6917943138930449
2026_1155_1335,0.6918881427392986
2026_1155_1341,0.6919219098223565
2026_1155_1345,0.30818293175622036
2026_1155_1365,0.6918395316429806
2026_1155_1373,0.6918369376487911
2026_1155_1374,0.691836871326349
2026_1155_1378,0.6918604521779872
2026_1155_1385,0.30821038953995583
2026_1155_1387,0.6917657497695089
2026_1155_1388,0.30822585386016166
2026_1155_1395,0.691825489709359
2026_1155_1397,0.3082349198648019
2026_1155_1398,0.6917611661669397
2026_1155_1400,0.6917901335308891
2026_1155_1401,0.6918029561700346
2026_1155_1403,0.3082696973136402
2026_1155_1407,0.6918543686731999
2026_1155_1416,0.6918550821384362
2026_1155_1417,0.3081972229397941
2026_1155_1420,0.6917497039800874
2026_1155_1429,0.6918075655932672
2026_1155_1433,0.6918673548637546
2026_1155_1435,0.3081602183517719
2026_1155_1437,0.308261301582593
2026_1155_1438,0.3082551324837771
2026_1155_1458,0.30821632823794876
2026_1155_1460,0.6918046087937845
2026_1155_1465,0.6918465412324099
2026_1155_1474,0.691775887367078
2026_1163_1181,0.30817854973438275
2026_1163_1196,0.3082513827267014
2026_1163_1202,0.6919174570107669
2026_1163_1208,0.6917383398397408
2026_1163_1211,0.6917368243796322
2026_1163_1218,0.6917841732023671
2026_1163_1219,0.691726910727192
2026_1163_1220,0.6917641076012734
2026_1163_1222,0.3081934679366386
2026_1163_1224,0.6916935829406657
2026_1163_1225,0.6917936806476394
2026_1163_1228,0.6917593413585689
2026_1163_1234,0.6918049175263387
2026_1163_1235,0.691727496428826
2026_1163_1242,0.6919081714767443
2026_1163_1244,0.6917624871485123
2026_1163_1246,0.6917711163857936
2026_1163_1250,0.6917052335914792
2026_1163_1254,0.6916881019269997
2026_1163_1257,0.6918018532554244
2026_1163_1270,0.6918080218204645
2026_1163_1274,0.6917135826536498
2026_1163_1275,0.6917275674372911
2026_1163_1276,0.3082654601277951
2026_1163_1277,0.6918342303413579
2026_1163_1281,0.6917703062596203
2026_1163_1295,0.6918906911447109
2026_1163_1301,0.6917983205795194
2026_1163_1304,0.69182351154416
2026_1163_1314,0.6918393447207143
2026_1163_1320,0.6918587861887261
2026_1163_1326,0.6918206849248378
2026_1163_1335,0.6918262627342217
2026_1163_1341,0.6916726520133152
2026_1163_1345,0.6917220024477925
2026_1163_1365,0.6918071801236002
2026_1163_1373,0.6918306763842842
2026_1163_1374,0.6918055350181598
2026_1163_1378,0.6918775811495409
2026_1163_1385,0.6918164310004976
2026_1163_1387,0.6917446376104326
2026_1163_1388,0.6918337036363197
2026_1163_1395,0.6918461809301861
2026_1163_1397,0.6917580321510031
2026_1163_1398,0.6916687289845621
2026_1163_1400,0.6917751283995671
2026_1163_1401,0.6917846052020221
2026_1163_1403,0.6917794157220737
2026_1163_1407,0.6917578826906462
2026_1163_1416,0.6918922869092722
2026_1163_1417,0.6918314480291843
2026_1163_1420,0.6916791354228061
2026_1163_1429,0.6917793791174581
2026_1163_1433,0.6918223620867053
2026_1163_1435,0.6918108688595517
2026_1163_1437,0.6917917020278923
2026_1163_1438,0.6917386847172077
2026_1163_1458,0.691716624535622
2026_1163_1460,0.6917629897939375
2026_1163_1465,0.691863453390553
2026_1163_1474,0.6917247036634852
2026_1181_1196,0.3082116385492767
2026_1181_1202,0.6918115765728111
2026_1181_1208,0.6917805800889234
2026_1181_1211,0.691704845202647
2026_1181_1218,0.691746534125107
2026_1181_1219,0.6917337380564684
2026_1181_1220,0.6917506707161087
2026_1181_1222,0.691757735017064
2026_1181_1224,0.6916119303424588
2026_1181_1225,0.6917540652255588
2026_1181_1228,0.6917547110415351
2026_1181_1234,0.6918404135263004
2026_1181_1235,0.691696941087976
2026_1181_1242,0.6919043779167342
2026_1181_1244,0.6917063827851645
2026_1181_1246,0.6918019966067576
2026_1181_1250,0.691615753878642
2026_1181_1254,0.6916122556441162
2026_1181_1257,0.6918655530964887
2026_1181_1270,0.6917900640648549
2026_1181_1274,0.6917586696635588
2026_1181_1275,0.6917360331176161
2026_1181_1276,0.6917594092984212
2026_1181_1277,0.6918099514863038
2026_1181_1281,0.6917739867790975
2026_1181_1295,0.6918551968017033
2026_1181_1301,0.6918019843768238
2026_1181_1304,0.691799314881543
2026_1181_1314,0.6918615640785073
2026_1181_1320,0.6919107265931734
2026_1181_1326,0.6919537808453835
2026_1181_1335,0.6917828921307237
2026_1181_1341,0.6915946128615916
2026_1181_1345,0.6916827281874005
2026_1181_1365,0.6917913114204886
2026_1181_1373,0.6919137362644445
2026_1181_1374,0.6917959403214854
2026_1181_1378,0.6918575527655039
2026_1181_1385,0.6919084204054581
2026_1181_1387,0.6917621955950435
2026_1181_1388,0.6918518959852765
2026_1181_1395,0.6919390539223873
2026_1181_1397,0.6917886697294514
2026_1181_1398,0.6915775497840474
2026_1181_1400,0.6917933255075349
2026_1181_1401,0.6918361758373627
2026_1181_1403,0.6917988088475996
2026_1181_1407,0.6917324969339524
2026_1181_1416,0.6918877231201637
2026_1181_1417,0.6918705199556957
2026_1181_1420,0.691611097699084
2026_1181_1429,0.691783795202236
2026_1181_1433,0.6918261259500833
2026_1181_1435,0.6918028902424276
2026_1181_1437,0.6918079796130296
2026_1181_1438,0.6917087613091725
2026_1181_1458,0.6917585506958341
2026_1181_1460,0.6917377174546573
2026_1181_1465,0.6919044635676669
2026_1181_1474,0.6917066749785883
2026_1196_1202,0.6917186671478858
2026_1196_1208,0.6917376241845599
2026_1196_1211,0.691666016500098
2026_1196_1218,0.691697294029791
2026_1196_1219,0.6916902318726682
2026_1196_1220,0.6917022325054877
2026_1196_1222,0.691749777740312
2026_1196_1224,0.6915849536603531
2026_1196_1225,0.6917831805552558
2026_1196_1228,0.6917680864712461
2026_1196_1234,0.6918913953773599
2026_1196_1235,0.6916424904322058
2026_1196_1242,0.6918136070329431
2026_1196_1244,0.6916658826286797
2026_1196_1246,0.6917540834592191
2026_1196_1250,0.6918286255670929
2026_1196_1254,0.6915872353002616
2026_1196_1257,0.6917859091671087
2026_1196_1270,0.6918556523438266
2026_1196_1274,0.6917149306220227
2026_1196_1275,0.6916867945357114
2026_1196_1276,0.6916621199885219
2026_1196_1277,0.6917341875754668
2026_1196_1281,0.6917375060721909
2026_1196_1295,0.6917572636580178
2026_1196_1301,0.6917571892216154
2026_1196_1304,0.6918152783914608
2026_1196_1314,0.6918586440017609
2026_1196_1320,0.6917669244658008
2026_1196_1326,0.6918152896551764
2026_1196_1335,0.6917931794470205
2026_1196_1341,0.6918416211439959
2026_1196_1345,0.691642481751615
2026_1196_1365,0.6917643757943984
2026_1196_1373,0.6916916289861771
2026_1196_1374,0.6917547932279466
2026_1196_1378,0.6917724071050956
2026_1196_1385,0.6917884530690344
2026_1196_1387,0.6917188675359165
2026_1196_1388,0.6918557508678244
2026_1196_1395,0.6918005022011037
2026_1196_1397,0.6917456158168731
2026_1196_1398,0.6915534408359204
2026_1196_1400,0.6917559674853689
2026_1196_1401,0.691845634326432
2026_1196_1403,0.6917552057781464
2026_1196_1407,0.6918046693430318
2026_1196_1416,0.6918072521596279
2026_1196_1417,0.6917878079728466
2026_1196_1420,0.6915886923129909
2026_1196_1429,0.6917437052613239
2026_1196_1433,0.6918345620658315
2026_1196_1435,0.6918324969147923
2026_1196_1437,0.6917746391866804
2026_1196_1438,0.6917103639405511
2026_1196_1458,0.6917206710142276
2026_1196_1460,0.6916993071753067
2026_1196_1465,0.6917568853775428
2026_1196_1474,0.6916807011195936
2026_1202_1208,0.30817406988141927
2026_1202_1211,0.3082332526305762
2026_1202_1218,0.3081644911672815
2026_1202_1219,0.30815781817242127
2026_1202_1220,0.308179967771697
2026_1202_1222,0.308267665220357
2026_1202_1224,0.6918158470471156
2026_1202_1225,0.6917767707143675
2026_1202_1228,0.3082393997962837
2026_1202_1234,0.3081639155446132
2026_1202_1235,0.3082626455892643
2026_1202_1242,0.3081702759933663
2026_1202_1244,0.30821246586254647
2026_1202_1246,0.3082119312019138
2026_1202_1250,0.6918569248456702
2026_1202_1254,0.6918140094234442
2026_1202_1257,0.3081321422212875
2026_1202_1270,0.3081704989242118
2026_1202_1274,0.30818455490116237
2026_1202_1275,0.3081554220836412
2026_1202_1276,0.30832179938629245
2026_1202_1277,0.30812332328534864
2026_1202_1281,0.3081547334263368
2026_1202_1295,0.3081990501467935
2026_1202_1301,0.30815708876680326
2026_1202_1304,0.30824584630829066
2026_1202_1314,0.3082229063289541
2026_1202_1320,0.30811125315162957
2026_1202_1326,0.3081144007081492
2026_1202_1335,0.3081817946099564
2026_1202_1341,0.691861622190879
2026_1202_1345,0.3082505638382306
2026_1202_1365,0.3082003269201077
2026_1202_1373,0.6918045657301026
2026_1202_1374,0.3081705818355027
2026_1202_1378,0.30810238342623486
2026_1202_1385,0.3081768911774295
2026_1202_1387,0.3081506322269181
2026_1202_1388,0.30820890791360556
2026_1202_1395,0.3081177622303295
2026_1202_1397,0.3082844516141664
2026_1202_1398,0.3083228709774636
2026_1202_1400,0.3081425335240966
2026_1202_1401,0.3081086824932452
2026_1202_1403,0.3082829870237236
2026_1202_1407,0.30814285457674795
2026_1202_1416,0.3080832384291201
2026_1202_1417,0.3081005117937463
2026_1202_1420,0.6918183668897302
2026_1202_1429,0.3081941149636971
2026_1202_1433,0.30813513997135544
2026_1202_1435,0.3081676005298458
2026_1202_1437,0.3082200623160798
2026_1202_1438,0.30827320355727683
2026_1202_1458,0.3082433375877771
2026_1202_1460,0.30818927862937107
2026_1202_1465,0.30814443774662836
2026_1202_1474,0.30823190337078155
2026_1208_1211,0.30817785209847004
2026_1208_1218,0.6918761996225299
2026_1208_1219,0.6918289161269534
2026_1208_1220,0.6918990536466583
2026_1208_1222,0.3082703650888976
2026_1208_1224,0.6919163303508189
2026_1208_1225,0.691812599260747
2026_1208_1228,0.30827329215413435
2026_1208_1234,0.6918141319960389
2026_1208_1235,0.30818915826103155
2026_1208_1242,0.30838126112699016
2026_1208_1244,0.6918706056386311
2026_1208_1246,0.30820791402044334
2026_1208_1250,0.6917584612498003
2026_1208_1254,0.6918247048270292
2026_1208_1257,0.30823839401212894
2026_1208_1270,0.6918409630009887
2026_1208_1274,0.3081862149372573
2026_1208_1275,0.6918442589748581
2026_1208_1276,0.3080650877163288
2026_1208_1277,0.30827363161240084
2026_1208_1281,0.6918462839109691
2026_1208_1295,0.6918132954398443
2026_1208_1301,0.691848016046508
2026_1208_1304,0.30829045505352226
2026_1208_1314,0.3083103145860918
2026_1208_1320,0.6918621311562958
2026_1208_1326,0.30823739586647625
2026_1208_1335,0.6918507425611523
2026_1208_1341,0.6917163077635449
2026_1208_1345,0.3081858658722023
2026_1208_1365,0.6918863724091037
2026_1208_1373,0.6918106102773985
2026_1208_1374,0.6918687111712882
2026_1208_1378,0.6918506533251099
2026_1208_1385,0.3082665182815174
2026_1208_1387,0.6918298779536446
2026_1208_1388,0.3083040700633499
2026_1208_1395,0.6918286988906829
2026_1208_1397,0.3081832269384853
2026_1208_1398,0.6918632083627063
2026_1208_1400,0.6918219839808731
2026_1208_1401,0.691767969952214
2026_1208_1403,0.30820594661685174
2026_1208_1407,0.6917925127674956
2026_1208_1416,0.6918452063629161
2026_1208_1417,0.3082473945346683
2026_1208_1420,0.6919135813194489
2026_1208_1429,0.6918479993327048
2026_1208_1433,0.6918348395769129
2026_1208_1435,0.3082807995326551
2026_1208_1437,0.30825388514339525
2026_1208_1438,0.3081958673265943
2026_1208_1458,0.3082120575307715
2026_1208_1460,0.6918793837841665
2026_1208_1465,0.6918361136092093
2026_1208_1474,0.6918281067299984
2026_1211_1218,0.6918817956164037
2026_1211_1219,0.6918480639784959
2026_1211_1220,0.6918340009100533
2026_1211_1222,0.30826923415097707
2026_1211_1224,0.6917512587501744
2026_1211_1225,0.6917490382225642
2026_1211_1228,0.3082412143225862
2026_1211_1234,0.6918070574727256
2026_1211_1235,0.3082125959355958
2026_1211_1242,0.6919228430282665
2026_1211_1244,0.6919354673458922
2026_1211_1246,0.6918627027261787
2026_1211_1250,0.6916567444329857
2026_1211_1254,0.6918036840202738
2026_1211_1257,0.6917889039214782
2026_1211_1270,0.6917854694227082
2026_1211_1274,0.6918450265082023
2026_1211_1275,0.6918114506529586
2026_1211_1276,0.30824513147952515
2026_1211_1277,0.6918283454440223
2026_1211_1281,0.6919050905104676
2026_1211_1295,0.6917588340991514
2026_1211_1301,0.6919067209672012
2026_1211_1304,0.6918256797523901
2026_1211_1314,0.6918671496094987
2026_1211_1320,0.6918134141545673
2026_1211_1326,0.6918147616698077
2026_1211_1335,0.691809090326505
2026_1211_1341,0.6916112228395864
2026_1211_1345,0.3081222098386238
2026_1211_1365,0.6918779282514562
2026_1211_1373,0.6917385809574077
2026_1211_1374,0.6918762430261519
2026_1211_1378,0.6918211679944375
2026_1211_1385,0.6918156540010835
2026_1211_1387,0.6918165414384954
2026_1211_1388,0.6918510683478682
2026_1211_1395,0.6918220129068562
2026_1211_1397,0.6918252599469432
2026_1211_1398,0.6917468939663121
2026_1211_1400,0.6919057904378654
2026_1211_1401,0.691777519069669
2026_1211_1403,0.6918723003831702
2026_1211_1407,0.6917370926672881
2026_1211_1416,0.6918432230603925
2026_1211_1417,0.6917916662961296
2026_1211_1420,0.6917423415710253
2026_1211_1429,0.6918725166161898
2026_1211_1433,0.6918213165281137
2026_1211_1435,0.6918229619148341
2026_1211_1437,0.6918852786913631
2026_1211_1438,0.30831868823449726
2026_1211_1458,0.6918367091127323
2026_1211_1460,0.6918331505380775
2026_1211_1465,0.6917934588898107
2026_1211_1474,0.69188999574182
2026_1218_1219,0.3082328512764637
2026_1218_1220,0.6917897632620409
2026_1218_1222,0.30827569418996015
2026_1218_1224,0.6918288632132483
2026_1218_1225,0.6918214731043338
2026_1218_1228,0.30824632724078393
2026_1218_1234,0.3081933125010988
2026_1218_1235,0.3082477378670956
2026_1218_1242,0.3083006083800517
2026_1218_1244,0.6918412376744831
2026_1218_1246,0.3081483468397469
2026_1218_1250,0.6918584180130568
2026_1218_1254,0.691896247988949
2026_1218_1257,0.30821822403671706
2026_1218_1270,0.30824647511848846
2026_1218_1274,0.3081147336850989
2026_1218_1275,0.30816904797649924
2026_1218_1276,0.30819346340485587
2026_1218_1277,0.30821544365664866
2026_1218_1281,0.3081243268317093
2026_1218_1295,0.6917931034882022
2026_1218_1301,0.3080820455452137
2026_1218_1304,0.30826934067155887
2026_1218_1314,0.3082573569828111
2026_1218_1320,0.30820263393356795
2026_1218_1326,0.30815992050876306
2026_1218_1335,0.6918157193260293
2026_1218_1341,0.6918054619682618
2026_1218_1345,0.3080953258646356
2026_1218_1365,0.3081787484336108
2026_1218_1373,0.691840685657857
2026_1218_1374,0.30813079502700025
2026_1218_1378,0.30818013365904795
2026_1218_1385,0.30824384071788125
2026_1218_1387,0.30812334440917677
2026_1218_1388,0.308243986133362
2026_1218_1395,0.30818890525004083
2026_1218_1397,0.3082059408904867
2026_1218_1398,0.6918826194161819
2026_1218_1400,0.3080890441003957
2026_1218_1401,0.30812788639444255
2026_1218_1403,0.3082018216974455
2026_1218_1407,0.30821325713203807
2026_1218_1416,0.3081627185381841
2026_1218_1417,0.30818762830937774
2026_1218_1420,0.691824101619656
2026_1218_1429,0.3081128659386234
2026_1218_1433,0.3081747710346484
2026_1218_1435,0.30824268884516515
2026_1218_1437,0.30812791755924773
2026_1218_1438,0.30820046354185426
2026_1218_1458,0.30811047483107745
2026_1218_1460,0.691811121328958
2026_1218_1465,0.6917744601165766
2026_1218_1474,0.6918600523167543
2026_1219_1220,0.691805812419154
2026_1219_1222,0.3083231764311386
2026_1219_1224,0.6918548549841298
2026_1219_1225,0.6918302219145371
2026_1219_1228,0.30829509551015366
2026_1219_1234,0.30824596126382
2026_1219_1235,0.3082787853027025
2026_1219_1242,0.30835709008612555
2026_1219_1244,0.691838719490482
2026_1219_1246,0.30820133097912916
2026_1219_1250,0.6918505644393976
2026_1219_1254,0.6918751873925506
2026_1219_1257,0.3082710676212441
2026_1219_1270,0.30827920791849783
2026_1219_1274,0.3081435689922247
2026_1219_1275,0.30818961439779013
2026_1219_1276,0.30820715915924424
2026_1219_1277,0.30833478803332337
2026_1219_1281,0.308163668227579
2026_1219_1295,0.6918098797512121
2026_1219_1301,0.30812069758859806
2026_1219_1304,0.3083123425273071
2026_1219_1314,0.30831942750896657
2026_1219_1320,0.3082344390152335
2026_1219_1326,0.308217985253903
2026_1219_1335,0.6918307673220206
2026_1219_1341,0.6918356728220894
2026_1219_1345,0.30814264981893313
2026_1219_1365,0.3082270755820292
2026_1219_1373,0.6918405192013767
2026_1219_1374,0.30817905464177764
2026_1219_1378,0.30823844305772197
2026_1219_1385,0.30830698045260585
2026_1219_1387,0.3081648146409487
2026_1219_1388,0.3083012035731125
2026_1219_1395,0.3082464733942841
2026_1219_1397,0.3082493218041772
2026_1219_1398,0.6918772929051248
2026_1219_1400,0.30811747107130893
2026_1219_1401,0.30817553651056984
2026_1219_1403,0.30825426104986375
2026_1219_1407,0.6917776438919405
2026_1219_1416,0.30822275505080765
2026_1219_1417,0.30824133404791165
2026_1219_1420,0.6918489386793518
2026_1219_1429,0.30814402158013376
2026_1219_1433,0.30823350382107495
2026_1219_1435,0.3082871525446549
2026_1219_1437,0.3081578856165278
2026_1219_1438,0.3082216191695275
2026_1219_1458,0.30811286675552574
2026_1219_1460,0.6918211248071571
2026_1219_1465,0.6918008366403097
2026_1219_1474,0.6918586541636971
2026_1220_1222,0.30827112861883077
2026_1220_1224,0.69187134464796
2026_1220_1225,0.6918116149081557
2026_1220_1228,0.3082639806844255
2026_1220_1234,0.3081881406314939
2026_1220_1235,0.30819252813360964
2026_1220_1242,0.3082872213533576
2026_1220_1244,0.6918279884184635
2026_1220_1246,0.3081272609468657
2026_1220_1250,0.6918205643959697
2026_1220_1254,0.691831838733071
2026_1220_1257,0.3082064053250634
2026_1220_1270,0.30824097827910324
2026_1220_1274,0.30813149804789375
2026_1220_1275,0.30817201887766255
2026_1220_1276,0.3081036000037788
2026_1220_1277,0.30828144721214235
2026_1220_1281,0.3081411201292694
2026_1220_1295,0.6917903110676261
2026_1220_1301,0.3081294312843479
2026_1220_1304,0.3082456067803806
2026_1220_1314,0.3082472818861409
2026_1220_1320,0.3081959211541285
2026_1220_1326,0.30816498320070995
2026_1220_1335,0.6918027934835642
2026_1220_1341,0.6917985035928155
2026_1220_1345,0.308148243672553
2026_1220_1365,0.3081435274676263
2026_1220_1373,0.6918002376065704
2026_1220_1374,0.308134194038309
2026_1220_1378,0.30817285847052456
2026_1220_1385,0.30822184311963763
2026_1220_1387,0.3081098585331101
2026_1220_1388,0.3082405135637174
2026_1220_1395,0.30818131377889957
2026_1220_1397,0.3081548709742771
2026_1220_1398,0.691894012781962
2026_1220_1400,0.3081273302978278
2026_1220_1401,0.30814282208631516
2026_1220_1403,0.30812173221718464
2026_1220_1407,0.30821728256012193
2026_1220_1416,0.3081760231169727
2026_1220_1417,0.3081834566309938
2026_1220_1420,0.6918677654247732
2026_1220_1429,0.30815525888617756
2026_1220_1433,0.30816940458400344
2026_1220_1435,0.30822938849685977
2026_1220_1437,0.30817566632769344
2026_1220_1438,0.3081542682580214
2026_1220_1458,0.3081686963381389
2026_1220_1460,0.6918137030754469
2026_1220_1465,0.6917737899875642
2026_1220_1474,0.6918250032543622
2026_1222_1224,0.6915941148294593
2026_1222_1225,0.6919089734113966
2026_1222_1228,0.6918275998130169
2026_1222_1234,0.6918397329499553
2026_1222_1235,0.6916713185928621
2026_1222_1242,0.6918698611065051
2026_1222_1244,0.6916894128085049
2026_1222_1246,0.6917709082577943
2026_1222_1250,0.6916733410470856
2026_1222_1254,0.6915897526790221
2026_1222_1257,0.6917860101625702
2026_1222_1270,0.6918131047665594
2026_1222_1274,0.6917082238322753
2026_1222_1275,0.6916784802101138
2026_1222_1276,0.3082737566169178
2026_1222_1277,0.6917583501835406
2026_1222_1281,0.691739881096469
2026_1222_1295,0.6917494557635423
2026_1222_1301,0.6917776002319541
2026_1222_1304,0.6918177956955279
2026_1222_1314,0.6918930846093986
2026_1222_1320,0.6917985522165501
2026_1222_1326,0.6918056324834507
2026_1222_1335,0.6918565928262568
2026_1222_1341,0.6916461536659125
2026_1222_1345,0.6916436036093117
2026_1222_1365,0.691775271195332
2026_1222_1373,0.691706338305123
2026_1222_1374,0.6917804293193566
2026_1222_1378,0.6917972844529486
2026_1222_1385,0.6918062745880765
2026_1222_1387,0.6917194772780884
2026_1222_1388,0.6919036717727478
2026_1222_1395,0.691814443880044
2026_1222_1397,0.6917618516746877
2026_1222_1398,0.6915668377815555
2026_1222_1400,0.6917542859576823
2026_1222_1401,0.691889865286581
2026_1222_1403,0.6917769565912228
2026_1222_1407,0.6917494773903808
2026_1222_1416,0.69181571630796
2026_1222_1417,0.6917854726115213
2026_1222_1420,0.6915805411105734
2026_1222_1429,0.6917551350893042
2026_1222_1433,0.6918789003314297
2026_1222_1435,0.691804908636073
2026_1222_1437,0.6917793173883051
2026_1222_1438,0.6917256539485935
2026_1222_1458,0.6917140251128157
2026_1222_1460,0.6916997557163498
2026_1222_1465,0.6917764830195898
2026_1222_1474,0.6916538087963017
2026_1224_1225,0.3081866847498975
2026_1224_1228,0.3083443345117005
2026_1224_1234,0.30824919349140456
2026_1224_1235,0.30821122705492077
2026_1224_1242,0.30831738098779393
2026_1224_1244,0.30818841412683784
2026_1224_1246,0.30815396776125703
2026_1224_1250,0.6918112330673009
2026_1224_1254,0.3082335459217922
2026_1224_1257,0.3082352710116497
2026_1224_1270,0.3081987958596061
2026_1224_1274,0.30819490296396335
2026_1224_1275,0.308117782862835
2026_1224_1276,0.30809435858018397
2026_1224_1277,0.30832479057568474
2026_1224_1281,0.30812267131706217
2026_1224_1295,0.308172021440026
2026_1224_1301,0.30811150038208923
2026_1224_1304,0.3082927281967882
2026_1224_1314,0.3082676830703768
2026_1224_1320,0.3081935040603665
2026_1224_1326,0.3082167360442899
2026_1224_1335,0.3082024686288293
2026_1224_1341,0.3083063545713407
2026_1224_1345,0.3082415229794433
2026_1224_1365,0.30811888261519504
2026_1224_1373,0.6917346255315374
2026_1224_1374,0.3080820945947852
2026_1224_1378,0.3081625244599495
2026_1224_1385,0.308267391697019
2026_1224_1387,0.3080736667299381
2026_1224_1388,0.30830095693051707
2026_1224_1395,0.30822304703109416
2026_1224_1397,0.30817323584231593
2026_1224_1398,0.30823987548121545
2026_1224_1400,0.3080978384096509
2026_1224_1401,0.3081588393479151
2026_1224_1403,0.30809300942185325
2026_1224_1407,0.30811895282115165
2026_1224_1416,0.3081593677457276
2026_1224_1417,0.30825772513246075
2026_1224_1420,0.30831864669242615
2026_1224_1429,0.30817943179706375
2026_1224_1433,0.30816116866104315
2026_1224_1435,0.3082514473087763
2026_1224_1437,0.30820683590074094
2026_1224_1438,0.30819834534009505
2026_1224_1458,0.3081555340721426
2026_1224_1460,0.3081254081348733
2026_1224_1465,0.3081901934206981
2026_1224_1474,0.30816211857871
2026_1225_1228,0.30814403350954866
2026_1225_1234,0.3081390626468372
2026_1225_1235,0.30827529405750675
2026_1225_1242,0.3082284347390748
2026_1225_1244,0.30821815284318776
2026_1225_1246,0.3082238787141317
2026_1225_1250,0.6918641319519806
2026_1225_1254,0.6918137545615192
2026_1225_1257,0.3082155930414381
2026_1225_1270,0.308168554402792
2026_1225_1274,0.3082003788514419
2026_1225_1275,0.3081667801696998
2026_1225_1276,0.3083263677831355
2026_1225_1277,0.30821698003889964
2026_1225_1281,0.3081634759774412
2026_1225_1295,0.3081902029737077
2026_1225_1301,0.3081588602878568
2026_1225_1304,0.30815042113231084
2026_1225_1314,0.30815227215300245
2026_1225_1320,0.30818367052332807
2026_1225_1326,0.30815021196581605
2026_1225_1335,0.3081668913912703
2026_1225_1341,0.6918766523138132
2026_1225_1345,0.3082571587248544
2026_1225_1365,0.3082082980600419
2026_1225_1373,0.6917998647489634
2026_1225_1374,0.30817293731375517
2026_1225_1378,0.3081384928357389
2026_1225_1385,0.3082372595454771
2026_1225_1387,0.3081646510602468
2026_1225_1388,0.30811422570322833
2026_1225_1395,0.3081592248881705
2026_1225_1397,0.30830612343900266
2026_1225_1398,0.3083249855562925
2026_1225_1400,0.3081422066634516
2026_1225_1401,0.30807017974940554
2026_1225_1403,0.3082997363140815
2026_1225_1407,0.3081372666604856
2026_1225_1416,0.3081292399184721
2026_1225_1417,0.30817816227411143
2026_1225_1420,0.6918180708230631
2026_1225_1429,0.30820869658319416
2026_1225_1433,0.30809926931656995
2026_1225_1435,0.3081324193424737
2026_1225_1437,0.3082354418341984
2026_1225_1438,0.30828026203972825
2026_1225_1458,0.3082601028796662
2026_1225_1460,0.3081936210151842
2026_1225_1465,0.3081588616184099
2026_1225_1474,0.3082268311174635
2026_1228_1234,0.6918292919303923
2026_1228_1235,0.3082648838805495
2026_1228_1242,0.6918663915806429
2026_1228_1244,0.6917208382975605
2026_1228_1246,0.6917627065183579
2026_1228_1250,0.6917278313115857
2026_1228_1254,0.6916487061446738
2026_1228_1257,0.691777338229078
2026_1228_1270,0.6918375186643747
2026_1228_1274,0.6917108143080914
2026_1228_1275,0.6917142836061208
2026_1228_1276,0.30828990634483977
2026_1228_1277,0.6917538132651453
2026_1228_1281,0.6917489353381443
2026_1228_1295,0.6917808909901116
2026_1228_1301,0.6917598079336954
2026_1228_1304,0.691812127602461
2026_1228_1314,0.6918901866847231
2026_1228_1320,0.6918138715929049
2026_1228_1326,0.6917927276580518
2026_1228_1335,0.6919037379110871
2026_1228_1341,0.691710227052291
2026_1228_1345,0.30822551628224426
2026_1228_1365,0.6917920963652038
2026_1228_1373,0.6917445669618958
2026_1228_1374,0.6917709540507515
2026_1228_1378,0.6917988572332098
2026_1228_1385,0.6918038480830027
2026_1228_1387,0.6917241943499643
2026_1228_1388,0.69188149388902
2026_1228_1395,0.691814618826907
2026_1228_1397,0.6917653339713297
2026_1228_1398,0.691629568189122
2026_1228_1400,0.6917439703687382
2026_1228_1401,0.6918383590046484
2026_1228_1403,0.6917797365554201
2026_1228_1407,0.6917943938017984
2026_1228_1416,0.6918127086439355
2026_1228_1417,0.6917803484893583
2026_1228_1420,0.6916417127660224
2026_1228_1429,0.6917612141660129
2026_1228_1433,0.6918829565375384
2026_1228_1435,0.6918026052263087
2026_1228_1437,0.6917920469738211
2026_1228_1438,0.3082371856783711
2026_1228_1458,0.6917236155240303
2026_1228_1460,0.6917252874169515
2026_1228_1465,0.6917992987860396
2026_1228_1474,0.6916840901808584
2026_1234_1235,0.3082166247004965
2026_1234_1242,0.30828830609551716
2026_1234_1244,0.6918072009712618
2026_1234_1246,0.30821418506683995
2026_1234_1250,0.6918906836992703
2026_1234_1254,0.691747399995715
2026_1234_1257,0.30817275562343693
2026_1234_1270,0.6918976542288308
2026_1234_1274,0.3081773815905643
2026_1234_1275,0.6917462819826894
2026_1234_1276,0.30821139510059525
2026_1234_1277,0.3082078765971069
2026_1234_1281,0.6917887581191383
2026_1234_1295,0.6918241569887198
2026_1234_1301,0.6918009573001834
2026_1234_1304,0.3081671735365177
2026_1234_1314,0.30821327115301866
2026_1234_1320,0.6918478392631272
2026_1234_1326,0.30817245935015714
2026_1234_1335,0.6918769450227102
2026_1234_1341,0.6919264544124284
2026_1234_1345,0.3082038270565376
2026_1234_1365,0.6918286212239407
2026_1234_1373,0.6918236006353887
2026_1234_1374,0.6918166089910482
2026_1234_1378,0.6918408495512546
2026_1234_1385,0.3082006451683441
2026_1234_1387,0.6917459569222989
2026_1234_1388,0.3082141524578088
2026_1234_1395,0.6918142089975804
2026_1234_1397,0.3082214892826681
2026_1234_1398,0.6917546027080246
2026_1234_1400,0.691770212606151
2026_1234_1401,0.6917876409984496
2026_1234_1403,0.30828065072252175
2026_1234_1407,0.6918266398770972
2026_1234_1416,0.6918407888941913
2026_1234_1417,0.30818858101388613
2026_1234_1420,0.6917389901479266
2026_1234_1429,0.691788613837282
2026_1234_1433,0.6918544113097581
2026_1234_1435,0.3081626824763991
2026_1234_1437,0.3082425116810119
2026_1234_1438,0.30824460599430037
2026_1234_1458,0.30820805802915074
2026_1234_1460,0.6917891147093126
2026_1234_1465,0.6918376274562676
2026_1234_1474,0.6917611116668032
2026_1235_1242,0.6919069611810335
2026_1235_1244,0.6917241217271928
2026_1235_1246,0.691880699844439
2026_1235_1250,0.6916090954261596
2026_1235_1254,0.6917234945786681
2026_1235_1257,0.691767321116863
2026_1235_1270,0.6916841591703957
2026_1235_1274,0.6917598639425973
2026_1235_1275,0.691823439955865
2026_1235_1276,0.30821912241318994
2026_1235_1277,0.69180433932561
2026_1235_1281,0.6917990385072706
2026_1235_1295,0.6917339830799715
2026_1235_1301,0.6918427516463047
2026_1235_1304,0.6918191407961152
2026_1235_1314,0.691820627871521
2026_1235_1320,0.6917634701886735
2026_1235_1326,0.6917709915339159
2026_1235_1335,0.6916964200512706
2026_1235_1341,0.6915588984361427
2026_1235_1345,0.30819026653693327
2026_1235_1365,0.6918846578704037
2026_1235_1373,0.6917140971807724
2026_1235_1374,0.6918837080501634
2026_1235_1378,0.6917823349703501
2026_1235_1385,0.6917967201127956
2026_1235_1387,0.6918160789704586
2026_1235_1388,0.6918183195736279
2026_1235_1395,0.6917898108052587
2026_1235_1397,0.6918415729526328
2026_1235_1398,0.6918692427129017
2026_1235_1400,0.6918068661850756
2026_1235_1401,0.6917330091867595
2026_1235_1403,0.6918805611728966
2026_1235_1407,0.6916708677305391
2026_1235_1416,0.691791588686638
2026_1235_1417,0.6917555115626762
2026_1235_1420,0.6917692932669574
2026_1235_1429,0.6918191276579507
2026_1235_1433,0.691773803820336
2026_1235_1435,0.6917795927949313
2026_1235_1437,0.6918252252162553
2026_1235_1438,0.6918081043939112
2026_1235_1458,0.691792681111519
2026_1235_1460,0.6918172688784399
2026_1235_1465,0.691690177430419
2026_1235_1474,0.6917524399486229
2026_1242_1244,0.6916876677008568
2026_1242_1246,0.6916618487527243
2026_1242_1250,0.6917074637487938
2026_1242_1254,0.6916706493108137
2026_1242_1257,0.6917288592603226
2026_1242_1270,0.6917377799901595
2026_1242_1274,0.6915787762350458
2026_1242_1275,0.6916430792344246
2026_1242_1276,0.30816647262995545
2026_1242_1277,0.30808411093494936
2026_1242_1281,0.691670840320746
2026_1242_1295,0.6918253416935873
2026_1242_1301,0.6917077575888646
2026_1242_1304,0.30810728535226783
2026_1242_1314,0.691763136693882
2026_1242_1320,0.691862862938503
2026_1242_1326,0.691744022816424
2026_1242_1335,0.6917586124159539
2026_1242_1341,0.6916636412359082
2026_1242_1345,0.3080914100566834
2026_1242_1365,0.6917147194549405
2026_1242_1373,0.6918751509021059
2026_1242_1374,0.69171870812971
2026_1242_1378,0.6917890361729481
2026_1242_1385,0.6918056707663903
2026_1242_1387,0.6916280929561015
2026_1242_1388,0.6917430872043887
2026_1242_1395,0.6917870900143673
2026_1242_1397,0.6916732727208645
2026_1242_1398,0.6916542888780705
2026_1242_1400,0.6916632128922222
2026_1242_1401,0.6916747836361993
2026_1242_1403,0.6917108251797953
2026_1242_1407,0.6916917367558366
2026_1242_1416,0.6917806935388342
2026_1242_1417,0.691699146108523
2026_1242_1420,0.6916564590676804
2026_1242_1429,0.6916805830512505
2026_1242_1433,0.6917450330308864
2026_1242_1435,0.6916913270580773
2026_1242_1437,0.6916832327568092
2026_1242_1438,0.30820686569616507
2026_1242_1458,0.6916358531499621
2026_1242_1460,0.6916823542027679
2026_1242_1465,0.691893159829999
2026_1242_1474,0.6916373534050659
2026_1244_1246,0.3081597933726292
2026_1244_1250,0.6918423409775654
2026_1244_1254,0.6918620404851076
2026_1244_1257,0.30823003894622847
2026_1244_1270,0.30819912232837265
2026_1244_1274,0.3081012133885582
2026_1244_1275,0.3081459884667105
2026_1244_1276,0.30823515319924677
2026_1244_1277,0.3082462931096608
2026_1244_1281,0.30810562969665545
2026_1244_1295,0.3082083590495016
2026_1244_1301,0.30807030453498474
2026_1244_1304,0.3082777813237404
2026_1244_1314,0.30825825903155446
2026_1244_1320,0.30816956400443607
2026_1244_1326,0.3081729964870549
2026_1244_1335,0.3082180383347577
2026_1244_1341,0.6917972968510835
2026_1244_1345,0.3081049740473294
2026_1244_1365,0.308166916878553
2026_1244_1373,0.6918067928511417
2026_1244_1374,0.3081358199244303
2026_1244_1378,0.3081648298570071
2026_1244_1385,0.30824322280482763
2026_1244_1387,0.30811535374775345
2026_1244_1388,0.30824727826865095
2026_1244_1395,0.30817708625408446
2026_1244_1397,0.3082107506766125
2026_1244_1398,0.6918578698764936
2026_1244_1400,0.30808823832387255
2026_1244_1401,0.3081323010548521
2026_1244_1403,0.3082134084374235
2026_1244_1407,0.30816923059340984
2026_1244_1416,0.30815919958539295
2026_1244_1417,0.3081953988021585
2026_1244_1420,0.6918040492964598
2026_1244_1429,0.30812092629092724
2026_1244_1433,0.3081660456892643
2026_1244_1435,0.3082547662683347
2026_1244_1437,0.30814027478398964
2026_1244_1438,0.30821053917578556
2026_1244_1458,0.3081524974283357
2026_1244_1460,0.3081961340100249
2026_1244_1465,0.30818193146091666
2026_1244_1474,0.6917992012725062
2026_1246_1250,0.6917070622924921
2026_1246_1254,0.6917930669079803
2026_1246_1257,0.3081938663799332
2026_1246_1270,0.6917953070866354
2026_1246_1274,0.3081475402537994
2026_1246_1275,0.6918478563127982
2026_1246_1276,0.3081176555114298
2026_1246_1277,0.30822809867806433
2026_1246_1281,0.6918167436863043
2026_1246_1295,0.6917789298069748
2026_1246_1301,0.6918300589856904
2026_1246_1304,0.3082385919041284
2026_1246_1314,0.3082768213304722
2026_1246_1320,0.6918269784249106
2026_1246_1326,0.6917503002488159
2026_1246_1335,0.691812941364032
2026_1246_1341,0.6916615219173555
2026_1246_1345,0.3081505966235133
2026_1246_1365,0.6918657496857562
2026_1246_1373,0.6917738423987738
2026_1246_1374,0.6918634802016583
2026_1246_1378,0.6918166726620991
2026_1246_1385,0.30822707984727893
2026_1246_1387,0.6918157536080943
2026_1246_1388,0.30826437946963736
2026_1246_1395,0.6917951207191363
2026_1246_1397,0.308134516303729
2026_1246_1398,0.6918920799729703
2026_1246_1400,0.6918000205058803
2026_1246_1401,0.6917379935413012
2026_1246_1403,0.30820845929353036
2026_1246_1407,0.6917453114975882
2026_1246_1416,0.6918052085691768
2026_1246_1417,0.3082045203172128
2026_1246_1420,0.6918360965358165
2026_1246_1429,0.6918221470825133
2026_1246_1433,0.6918011373037919
2026_1246_1435,0.3082381690245517
2026_1246_1437,0.6918159682317284
2026_1246_1438,0.3081667363293761
2026_1246_1458,0.308180552277893
2026_1246_1460,0.691886841106936
2026_1246_1465,0.6918000275446275
2026_1246_1474,0.6917973599500579
2026_1250_1254,0.3081956786871397
2026_1250_1257,0.30821675572460616
2026_1250_1270,0.3081049386344742
2026_1250_1274,0.3082659566819307
2026_1250_1275,0.3081515416081504
2026_1250_1276,0.3084751267093182
2026_1250_1277,0.3083118489571389
2026_1250_1281,0.3081757197261278
2026_1250_1295,0.30812555570759503
2026_1250_1301,0.30819613934980183
2026_1250_1304,0.3081661611792319
2026_1250_1314,0.30818457534680344
2026_1250_1320,0.3081512611741337
2026_1250_1326,0.30820104821434746
2026_1250_1335,0.3081018453537048
2026_1250_1341,0.30834871327106206
2026_1250_1345,0.3083729285325727
2026_1250_1365,0.30821706346526523
2026_1250_1373,0.3081598570575246
2026_1250_1374,0.30819972276146557
2026_1250_1378,0.30813141557542323
2026_1250_1385,0.3082382155735395
2026_1250_1387,0.30819883804338866
2026_1250_1388,0.3082165680356037
2026_1250_1395,0.30818512164867773
2026_1250_1397,0.30832230119211157
2026_1250_1398,0.30820987772166675
2026_1250_1400,0.3081742312427216
2026_1250_1401,0.3081119751535889
2026_1250_1403,0.3082916218592433
2026_1250_1407,0.3080654412064926
2026_1250_1416,0.3081369536335523
2026_1250_1417,0.30823408438273014
2026_1250_1420,0.3082010852190885
2026_1250_1429,0.30824254750245816
2026_1250_1433,0.30810552995179175
2026_1250_1435,0.3081378330669805
2026_1250_1437,0.3082775327849119
2026_1250_1438,0.30836184450667536
2026_1250_1458,0.30824502990676517
2026_1250_1460,0.3081490126063404
2026_1250_1465,0.3081128925560961
2026_1250_1474,0.3081665730996167
2026_1254_1257,0.30824773261694527
2026_1254_1270,0.3082025650757607
2026_1254_1274,0.3081580074696304
2026_1254_1275,0.3081383886939446
2026_1254_1276,0.30832186541560125
2026_1254_1277,0.3083340739103507
2026_1254_1281,0.30809811791428454
2026_1254_1295,0.30816967610091806
2026_1254_1301,0.30808272972231954
2026_1254_1304,0.30830065783955396
2026_1254_1314,0.30828066210319727
2026_1254_1320,0.30819783103916254
2026_1254_1326,0.3082241188461823
2026_1254_1335,0.30821057167674615
2026_1254_1341,0.30830516601730973
2026_1254_1345,0.3081965043884991
2026_1254_1365,0.3081630869565203
2026_1254_1373,0.6917283753653101
2026_1254_1374,0.3081311052799539
2026_1254_1378,0.30816896033628327
2026_1254_1385,0.308348285813279
2026_1254_1387,0.30814776265489574
2026_1254_1388,0.3083052357382853
2026_1254_1395,0.30822556112174837
2026_1254_1397,0.308237241472309
2026_1254_1398,0.30824077503248015
2026_1254_1400,0.30807437838689633
2026_1254_1401,0.3081649707371297
2026_1254_1403,0.3082029399421695
2026_1254_1407,0.3081224909585566
2026_1254_1416,0.3081677758942306
2026_1254_1417,0.30826188620178674
2026_1254_1420,0.30824089364907337
2026_1254_1429,0.308087578134671
2026_1254_1433,0.3081689309415868
2026_1254_1435,0.30826222915050805
2026_1254_1437,0.3081004161410409
2026_1254_1438,0.30825474521628426
2026_1254_1458,0.3080891650125639
2026_1254_1460,0.30814091547338907
2026_1254_1465,0.308194015221847
2026_1254_1474,0.3081609876508572
2026_1257_1270,0.6918189310897698
2026_1257_1274,0.6917420352220645
2026_1257_1275,0.6917305930655728
2026_1257_1276,0.30822139915472646
2026_1257_1277,0.30815417708795956
2026_1257_1281,0.6917659084028235
2026_1257_1295,0.6918966028269649
2026_1257_1301,0.6918223091491564
2026_1257_1304,0.30822623982197794
2026_1257_1314,0.30828641607817675
2026_1257_1320,0.6918728132929396
2026_1257_1326,0.6918334832157261
2026_1257_1335,0.6918271666776473
2026_1257_1341,0.6917444791532784
2026_1257_1345,0.30820083180804825
2026_1257_1365,0.6918252192350434
2026_1257_1373,0.6918168083976207
2026_1257_1374,0.6918274950587612
2026_1257_1378,0.6919008639813111
2026_1257_1385,0.3082210561123222
2026_1257_1387,0.6917659252492239
2026_1257_1388,0.6918543315363047
2026_1257_1395,0.6918576837103861
2026_1257_1397,0.3082485888693003
2026_1257_1398,0.6916777699587446
2026_1257_1400,0.6917514872205209
2026_1257_1401,0.6917876785553015
2026_1257_1403,0.30829559610344204
2026_1257_1407,0.6917783567446565
2026_1257_1416,0.6918928767839203
2026_1257_1417,0.6918523005288698
2026_1257_1420,0.6917377001378439
2026_1257_1429,0.69181063210024
2026_1257_1433,0.6918213806883428
2026_1257_1435,0.3082174654924257
2026_1257_1437,0.6918104568889678
2026_1257_1438,0.3082766439067184
2026_1257_1458,0.3082320535879909
2026_1257_1460,0.691760437376534
2026_1257_1465,0.6918515829390476
2026_1257_1474,0.6917181513002201
2026_1270_1274,0.3081705786671931
2026_1270_1275,0.3081596237906513
2026_1270_1276,0.3082817101842904
2026_1270_1277,0.308254552779637
2026_1270_1281,0.3081642102850115
2026_1270_1295,0.6917957422428637
2026_1270_1301,0.3081483599297713
2026_1270_1304,0.30812005941569165
2026_1270_1314,0.30817734145712594
2026_1270_1320,0.6917207155882469
2026_1270_1326,0.3081331167059217
2026_1270_1335,0.6918011590945746
2026_1270_1341,0.6918680893309377
2026_1270_1345,0.30821281047153215
2026_1270_1365,0.3082123266911935
2026_1270_1373,0.6918395460878219
2026_1270_1374,0.3081726222677583
2026_1270_1378,0.30815598724198356
2026_1270_1385,0.30821057024746545
2026_1270_1387,0.30814738677418263
2026_1270_1388,0.3081699407240647
2026_1270_1395,0.30815759075906535
2026_1270_1397,0.3082636215533511
2026_1270_1398,0.6918369830395978
2026_1270_1400,0.30813566932118563
2026_1270_1401,0.30808223738612495
2026_1270_1403,0.3082656166739741
2026_1270_1407,0.6917347390185029
2026_1270_1416,0.3081393759026616
2026_1270_1417,0.30815578845665703
2026_1270_1420,0.6917935690398034
2026_1270_1429,0.30818956845822865
2026_1270_1433,0.30810746934024436
2026_1270_1435,0.30809258390026173
2026_1270_1437,0.30822038384424366
2026_1270_1438,0.3082531082398736
2026_1270_1458,0.308219375578927
2026_1270_1460,0.6917746561929996
2026_1270_1465,0.6917669842280691
2026_1270_1474,0.6918002854677351
2026_1274_1275,0.691819780625777
2026_1274_1276,0.3081945832377512
2026_1274_1277,0.3082952489136028
2026_1274_1281,0.6918692755195308
2026_1274_1295,0.6918012187903593
2026_1274_1301,0.6918707295849338
2026_1274_1304,0.30832035154910875
2026_1274_1314,0.3083426798508466
2026_1274_1320,0.6918584484680418
2026_1274_1326,0.6918086559129663
2026_1274_1335,0.6918418432500206
2026_1274_1341,0.6916921158621805
2026_1274_1345,0.30812313929191515
2026_1274_1365,0.6918811751724718
2026_1274_1373,0.6917940758718738
2026_1274_1374,0.6918766615568217
2026_1274_1378,0.6918519373823728
2026_1274_1385,0.308299840277485
2026_1274_1387,0.6918247303254559
2026_1274_1388,0.3083282109238551
2026_1274_1395,0.6918317220176649
2026_1274_1397,0.3082423557358708
2026_1274_1398,0.6918052623086146
2026_1274_1400,0.6918599471514301
2026_1274_1401,0.6917833554908229
2026_1274_1403,0.30828356846450633
2026_1274_1407,0.6917915552493291
2026_1274_1416,0.6918551222776839
2026_1274_1417,0.3082633525646601
2026_1274_1420,0.6917977413498971
2026_1274_1429,0.6918633541952485
2026_1274_1433,0.6918398764924022
2026_1274_1435,0.3083069592605687
2026_1274_1437,0.6918608847503455
2026_1274_1438,0.3082544461572977
2026_1274_1458,0.3082054962391161
2026_1274_1460,0.6918515101633739
2026_1274_1465,0.6918246345768709
2026_1274_1474,0.6919052021766373
2026_1275_1276,0.30814720715313193
2026_1275_1277,0.30832198450957427
2026_1275_1281,0.3081707726392684
2026_1275_1295,0.6918199169527961
2026_1275_1301,0.30818011716647886
2026_1275_1304,0.30830039150817956
2026_1275_1314,0.30832657742511727
2026_1275_1320,0.6918137141653655
2026_1275_1326,0.30823152302649437
2026_1275_1335,0.6918421319693709
2026_1275_1341,0.6918241189682854
2026_1275_1345,0.3082536580654822
2026_1275_1365,0.3081428967222767
2026_1275_1373,0.6918470723982895
2026_1275_1374,0.3080857358079251
2026_1275_1378,0.3082159278865355
2026_1275_1385,0.30830275546162356
2026_1275_1387,0.3081277119145034
2026_1275_1388,0.3083121637011933
2026_1275_1395,0.308258863699187
2026_1275_1397,0.30811517413107725
2026_1275_1398,0.691893173691889
2026_1275_1400,0.3081343856715605
2026_1275_1401,0.3081648648558092
2026_1275_1403,0.3082173234886173
2026_1275_1407,0.6917976211571989
2026_1275_1416,0.3082516161415372
2026_1275_1417,0.30824816832196544
2026_1275_1420,0.6918750829233135
2026_1275_1429,0.3082183442900156
2026_1275_1433,0.30820996204923945
2026_1275_1435,0.30828411885118967
2026_1275_1437,0.3082403322084052
2026_1275_1438,0.30807751149985296
2026_1275_1458,0.30821995691330883
2026_1275_1460,0.6918248822374001
2026_1275_1465,0.691819181471796
2026_1275_1474,0.6918505302869697
2026_1276_1277,0.691741032468866
2026_1276_1281,0.6918214233554824
2026_1276_1295,0.6917103741961805
2026_1276_1301,0.6918427081678936
2026_1276_1304,0.6917614758797699
2026_1276_1314,0.6918191490749951
2026_1276_1320,0.6917819346835568
2026_1276_1326,0.6917923607009788
2026_1276_1335,0.6917197546116068
2026_1276_1341,0.6914913313060387
2026_1276_1345,0.6917244014143357
2026_1276_1365,0.6918736456248187
2026_1276_1373,0.6916432049383658
2026_1276_1374,0.6918753942855553
2026_1276_1378,0.6917552747182274
2026_1276_1385,0.6917926224846745
2026_1276_1387,0.6919322011641109
2026_1276_1388,0.6918036331364968
2026_1276_1395,0.6917900689321358
2026_1276_1397,0.6918586440310109
2026_1276_1398,0.6917120107472531
2026_1276_1400,0.6918341404562368
2026_1276_1401,0.6917669728629988
2026_1276_1403,0.6919012314086389
2026_1276_1407,0.6916637641724745
2026_1276_1416,0.6917830919320652
2026_1276_1417,0.6917690545662467
2026_1276_1420,0.6919150668917721
2026_1276_1429,0.6918291844682258
2026_1276_1433,0.6917638661408908
2026_1276_1435,0.6917563622554994
2026_1276_1437,0.6918470235414528
2026_1276_1438,0.6917818596498515
2026_1276_1458,0.6918029440781956
2026_1276_1460,0.6918503001557943
2026_1276_1465,0.6917345245248389
2026_1276_1474,0.6917611078496921
2026_1277_1281,0.6917560361670166
2026_1277_1295,0.6919493236104631
2026_1277_1301,0.691786068939377
2026_1277_1304,0.6918188576109762
2026_1277_1314,0.6918371768087204
2026_1277_1320,0.691830843555279
2026_1277_1326,0.6918219950771397
2026_1277_1335,0.6918264736106767
2026_1277_1341,0.6916486485480551
2026_1277_1345,0.30817748561471103
2026_1277_1365,0.6917761068997148
2026_1277_1373,0.6918242023839722
2026_1277_1374,0.6917811029497466
2026_1277_1378,0.6918761997285626
2026_1277_1385,0.6918351468874064
2026_1277_1387,0.6917305983326856
2026_1277_1388,0.6918185874217987
2026_1277_1395,0.691854820600665
2026_1277_1397,0.6917624864589234
2026_1277_1398,0.6916503512758998
2026_1277_1400,0.691737903253775
2026_1277_1401,0.6917719637753164
2026_1277_1403,0.6918035065719542
2026_1277_1407,0.691717423652158
2026_1277_1416,0.6918840045890757
2026_1277_1417,0.6918318953071447
2026_1277_1420,0.6916528027978857
2026_1277_1429,0.6917589801624118
2026_1277_1433,0.6917952365190375
2026_1277_1435,0.6917931320286348
2026_1277_1437,0.6917706771650165
2026_1277_1438,0.30832111676094476
2026_1277_1458,0.6917080243121898
2026_1277_1460,0.6917463560240417
2026_1277_1465,0.6918718771416554
2026_1277_1474,0.6916913216342726
2026_1281_1295,0.691825781543405
2026_1281_1301,0.6917643499310203
2026_1281_1304,0.30825378926636493
2026_1281_1314,0.30830946250235813
2026_1281_1320,0.6918305738223169
2026_1281_1326,0.30819148105662486
2026_1281_1335,0.6918505206195527
2026_1281_1341,0.6917935275032164
2026_1281_1345,0.3081190944389839
2026_1281_1365,0.30824067605187777
2026_1281_1373,0.6918463822662166
2026_1281_1374,0.691799870182703
2026_1281_1378,0.6918085411189981
2026_1281_1385,0.30825571380262395
2026_1281_1387,0.30816085788162395
2026_1281_1388,0.3082558449392915
2026_1281_1395,0.3082143222197289
2026_1281_1397,0.3082248278393185
2026_1281_1398,0.6918731441032415
2026_1281_1400,0.6917622554831767
2026_1281_1401,0.6917087344757002
2026_1281_1403,0.3082439788865945
2026_1281_1407,0.6918061033600966
2026_1281_1416,0.6917944226043492
2026_1281_1417,0.3082070103231235
2026_1281_1420,0.691868281671753
2026_1281_1429,0.3081737201727448
2026_1281_1433,0.6917958340157999
2026_1281_1435,0.3082468573228391
2026_1281_1437,0.30817240483318564
2026_1281_1438,0.30819442965540367
2026_1281_1458,0.30817177658759476
2026_1281_1460,0.6918486547861545
2026_1281_1465,0.6918306568781667
2026_1281_1474,0.6918914969512466
2026_1295_1301,0.30815985704538795
2026_1295_1304,0.3082521828720999
2026_1295_1314,0.3082331436906318
2026_1295_1320,0.30813215453086795
2026_1295_1326,0.30811385335995134
2026_1295_1335,0.6917808577000122
2026_1295_1341,0.6918722425112581
2026_1295_1345,0.3082371232723532
2026_1295_1365,0.308218215887457
2026_1295_1373,0.6918299368836289
2026_1295_1374,0.3081784086573254
2026_1295_1378,0.3081055593857782
2026_1295_1385,0.3081901205864873
2026_1295_1387,0.3081702414599279
2026_1295_1388,0.30821760373356877
2026_1295_1395,0.30813402983785243
2026_1295_1397,0.3082963247840518
2026_1295_1398,0.6918525293331508
2026_1295_1400,0.3081451796318422
2026_1295_1401,0.30811631248187665
2026_1295_1403,0.3082893234289892
2026_1295_1407,0.3081619571217432
2026_1295_1416,0.30809082232889606
2026_1295_1417,0.30811308174068597
2026_1295_1420,0.6918322386536945
2026_1295_1429,0.3082118370852571
2026_1295_1433,0.3081501896054132
2026_1295_1435,0.3082257565926484
2026_1295_1437,0.30823829490149324
2026_1295_1438,0.30826274192907543
2026_1295_1458,0.30824996967877283
2026_1295_1460,0.6917638017642453
2026_1295_1465,0.3081758745269828
2026_1295_1474,0.6918020154980135
2026_1301_1304,0.3082137133652889
2026_1301_1314,0.30823987190401914
2026_1301_1320,0.6918516487639053
2026_1301_1326,0.30817854404819234
2026_1301_1335,0.6918537419969116
2026_1301_1341,0.6917756753501497
2026_1301_1345,0.30811635160512285
2026_1301_1365,0.3082634596951065
2026_1301_1373,0.6918422241771167
2026_1301_1374,0.3082340527885584
2026_1301_1378,0.308269365747747
2026_1301_1385,0.3081856211459302
2026_1301_1387,0.30816546215983676
2026_1301_1388,0.3082359431121118
2026_1301_1395,0.30819822447860656
2026_1301_1397,0.30816059731431134
2026_1301_1398,0.6918692564035339
2026_1301_1400,0.6917822182808011
2026_1301_1401,0.3081686170961251
2026_1301_1403,0.30823370558065355
2026_1301_1407,0.6917510121497891
2026_1301_1416,0.3082480041701068
2026_1301_1417,0.308186659564361
2026_1301_1420,0.6918746190856495
2026_1301_1429,0.30819175749276906
2026_1301_1433,0.6918065430155348
2026_1301_1435,0.3082203459863889
2026_1301_1437,0.30818037555735833
2026_1301_1438,0.3081978350148622
2026_1301_1458,0.30815313352820684
2026_1301_1460,0.6918643001084538
2026_1301_1465,0.6918523950920245
2026_1301_1474,0.6919039112951199
2026_1304_1314,0.6918560745659275
2026_1304_1320,0.6918160190872688
2026_1304_1326,0.6917748922429712
2026_1304_1335,0.6918264232778324
2026_1304_1341,0.6918053582293492
2026_1304_1345,0.30816493331085026
2026_1304_1365,0.6917880774089727
2026_1304_1373,0.691802140438434
2026_1304_1374,0.6917951034419364
2026_1304_1378,0.6918103160570662
2026_1304_1385,0.6918056328403157
2026_1304_1387,0.6917137147979471
2026_1304_1388,0.6918327174739253
2026_1304_1395,0.6918068872374653
2026_1304_1397,0.6917507665578899
2026_1304_1398,0.6916937288030962
2026_1304_1400,0.6917461977205305
2026_1304_1401,0.6917780558450802
2026_1304_1403,0.6918068875494607
2026_1304_1407,0.6918666650091273
2026_1304_1416,0.6918253985309031
2026_1304_1417,0.6917868567823976
2026_1304_1420,0.6916844168724241
2026_1304_1429,0.6917667556580034
2026_1304_1433,0.691837080039233
2026_1304_1435,0.6918223674851817
2026_1304_1437,0.6917662202261345
2026_1304_1438,0.30829623891328883
2026_1304_1458,0.6917319100341822
2026_1304_1460,0.6917200372511058
2026_1304_1465,0.6917739274831137
2026_1304_1474,0.6916811463687476
2026_1314_1320,0.6917959200674689
2026_1314_1326,0.6917400220933241
2026_1314_1335,0.6918802797005734
2026_1314_1341,0.6917812429590453
2026_1314_1345,0.3081270019964578
2026_1314_1365,0.6917459574823254
2026_1314_1373,0.6917613436244274
2026_1314_1374,0.6917680826005054
2026_1314_1378,0.6917658599433463
2026_1314_1385,0.30815589630188256
2026_1314_1387,0.6917001372153927
2026_1314_1388,0.6918094777396283
2026_1314_1395,0.6917767646905321
2026_1314_1397,0.30816669038159406
2026_1314_1398,0.6916649902558198
2026_1314_1400,0.6916661679446384
2026_1314_1401,0.6917848081081495
2026_1314_1403,0.3082123118543362
2026_1314_1407,0.6917786946018133
2026_1314_1416,0.69179912245519
2026_1314_1417,0.6917363660829431
2026_1314_1420,0.6917056017627425
2026_1314_1429,0.6917493435397795
2026_1314_1433,0.6918610631099829
2026_1314_1435,0.3081297721232943
2026_1314_1437,0.6917429048343638
2026_1314_1438,0.3082051147093082
2026_1314_1458,0.30815011575402396
2026_1314_1460,0.691725104125669
2026_1314_1465,0.691779299864282
2026_1314_1474,0.6916845970372644
2026_1320_1326,0.3081045588753343
2026_1320_1335,0.6918484545309583
2026_1320_1341,0.6918276260943969
2026_1320_1345,0.3082394046442697
2026_1320_1365,0.3082040393657536
2026_1320_1373,0.6918713271938295
2026_1320_1374,0.3081682277343222
2026_1320_1378,0.3081621084272159
2026_1320_1385,0.3081332845784429
2026_1320_1387,0.3081546407288438
2026_1320_1388,0.308197647980177
2026_1320_1395,0.30812459824276406
2026_1320_1397,0.30821943597404555
2026_1320_1398,0.6918072517921118
2026_1320_1400,0.30814259551664214
2026_1320_1401,0.30811473664607214
2026_1320_1403,0.3082267960676608
2026_1320_1407,0.6917669683660274
2026_1320_1416,0.3081421064107759
2026_1320_1417,0.30812464264949946
2026_1320_1420,0.6917973316640152
2026_1320_1429,0.30818400707378224
2026_1320_1433,0.3081608714604305
2026_1320_1435,0.30817506787824456
2026_1320_1437,0.30820675701395417
2026_1320_1438,0.3082307492046319
2026_1320_1458,0.30818364334702164
2026_1320_1460,0.6918127113294763
2026_1320_1465,0.6918469048198335
2026_1320_1474,0.6917603963018283
2026_1326_1335,0.6918706425868187
2026_1326_1341,0.6917670077922812
2026_1326_1345,0.30820894762882367
2026_1326_1365,0.6918505505955599
2026_1326_1373,0.6919190500413318
2026_1326_1374,0.6918376439931534
2026_1326_1378,0.6918823333742544
2026_1326_1385,0.3081844037581287
2026_1326_1387,0.6917800402952926
2026_1326_1388,0.3082504688811809
2026_1326_1395,0.691838783006875
2026_1326_1397,0.30823685230433895
2026_1326_1398,0.6917718486366773
2026_1326_1400,0.6917910251676643
2026_1326_1401,0.6917882721618913
2026_1326_1403,0.3083227372317531
2026_1326_1407,0.6918124715363783
2026_1326_1416,0.6918701272729347
2026_1326_1417,0.30819134339556753
2026_1326_1420,0.6917676730996705
2026_1326_1429,0.6918189717713011
2026_1326_1433,0.6918510586400108
2026_1326_1435,0.3082278437279615
2026_1326_1437,0.30826531808060564
2026_1326_1438,0.3082406834728326
2026_1326_1458,0.3082310365365959
2026_1326_1460,0.6918123659285011
2026_1326_1465,0.6919093509389822
2026_1326_1474,0.6917782434441628
2026_1335_1341,0.6918559900653347
2026_1335_1345,0.308203901909071
2026_1335_1365,0.3081961702587166
2026_1335_1373,0.6918399642173043
2026_1335_1374,0.3081644092353468
2026_1335_1378,0.3081421819328226
2026_1335_1385,0.3081859636621619
2026_1335_1387,0.30813421286763176
2026_1335_1388,0.30813716249907985
2026_1335_1395,0.3081383813030987
2026_1335_1397,0.308245242047662
2026_1335_1398,0.6918409107477408
2026_1335_1400,0.308137617147748
2026_1335_1401,0.3081011039574577
2026_1335_1403,0.30824831610597114
2026_1335_1407,0.30818519359922947
2026_1335_1416,0.30813111456985787
2026_1335_1417,0.3081488335744559
2026_1335_1420,0.6917874349824823
2026_1335_1429,0.3081747196849476
2026_1335_1433,0.30811538890884727
2026_1335_1435,0.30816335273446716
2026_1335_1437,0.30820043487323356
2026_1335_1438,0.30825796844830533
2026_1335_1458,0.30820959740933696
2026_1335_1460,0.3082141014557671
2026_1335_1465,0.3081813257038548
2026_1335_1474,0.6917810433110371
2026_1341_1345,0.3084144365816208
2026_1341_1365,0.30824598376126255
2026_1341_1373,0.6916371210358272
2026_1341_1374,0.3082262949893604
2026_1341_1378,0.30815500987321165
2026_1341_1385,0.3082896358560415
2026_1341_1387,0.30823722677440357
2026_1341_1388,0.3082072220648677
2026_1341_1395,0.30822181738212084
2026_1341_1397,0.3083731266741099
2026_1341_1398,0.30820538903135797
2026_1341_1400,0.308192854156386
2026_1341_1401,0.3081274607201915
2026_1341_1403,0.30834088508250723
2026_1341_1407,0.3080538070425105
2026_1341_1416,0.3081604556891647
2026_1341_1417,0.308193040490399
2026_1341_1420,0.3081901977796727
2026_1341_1429,0.30828551855616904
2026_1341_1433,0.3081197422024986
2026_1341_1435,0.30816231188474463
2026_1341_1437,0.308319683273807
2026_1341_1438,0.30838644998848364
2026_1341_1458,0.30828757135286944
2026_1341_1460,0.3081752443028557
2026_1341_1465,0.30815784378067235
2026_1341_1474,0.3081547866601674
2026_1345_1365,0.6918376659061224
2026_1345_1373,0.691727579683329
2026_1345_1374,0.6918544432284517
2026_1345_1378,0.6918104423823169
2026_1345_1385,0.691834128390268
2026_1345_1387,0.6918247865679197
2026_1345_1388,0.6918275742630541
2026_1345_1395,0.6918303958792066
2026_1345_1397,0.6918294683156471
2026_1345_1398,0.6917264387754011
2026_1345_1400,0.6918501606676402
2026_1345_1401,0.6917660037911068
2026_1345_1403,0.6918709922035332
2026_1345_1407,0.6916860608880577
2026_1345_1416,0.6918150724127383
2026_1345_1417,0.691788180357966
2026_1345_1420,0.6917386906026937
2026_1345_1429,0.6918582926876244
2026_1345_1433,0.6917997672715649
2026_1345_1435,0.6918021763036141
2026_1345_1437,0.6918667237241147
2026_1345_1438,0.6918279868578907
2026_1345_1458,0.6918422666637697
2026_1345_1460,0.6918224060221506
2026_1345_1465,0.6918036098883081
2026_1345_1474,0.6919195068566726
2026_1365_1373,0.6918026377764799
2026_1365_1374,0.6917669485975785
2026_1365_1378,0.6917611911525035
2026_1365_1385,0.30819788918782465
2026_1365_1387,0.3081307001616571
2026_1365_1388,0.3082134199581117
2026_1365_1395,0.30817549008949985
2026_1365_1397,0.30811093512078624
2026_1365_1398,0.6919207744092469
2026_1365_1400,0.6917232655985373
2026_1365_1401,0.6916642080885094
2026_1365_1403,0.3081779782538777
2026_1365_1407,0.6917565619400486
2026_1365_1416,0.6917497688589824
2026_1365_1417,0.30816944054884443
2026_1365_1420,0.6918757681625134
2026_1365_1429,0.3081645878534127
2026_1365_1433,0.6917533228511876
2026_1365_1435,0.3082000279467946
2026_1365_1437,0.3081604478990788
2026_1365_1438,0.3081174072502533
2026_1365_1458,0.3081547930050027
2026_1365_1460,0.6918525253366783
2026_1365_1465,0.6917836707991155
2026_1365_1474,0.6918051385317824
2026_1373_1374,0.30816783800240555
2026_1373_1378,0.30810222864167447
2026_1373_1385,0.3081659274248695
2026_1373_1387,0.3081623637230019
2026_1373_1388,0.30821927064405663
2026_1373_1395,0.30808483505573037
2026_1373_1397,0.30831554334416467
2026_1373_1398,0.30828552870019676
2026_1373_1400,0.30814141250074834
2026_1373_1401,0.3081134607526854
2026_1373_1403,0.30830583398969447
2026_1373_1407,0.30812812788959165
2026_1373_1416,0.3080933019197921
2026_1373_1417,0.3081481505001288
2026_1373_1420,0.30827926252998616
2026_1373_1429,0.30820521737393913
2026_1373_1433,0.3081263779599064
2026_1373_1435,0.3081739530106873
2026_1373_1437,0.30823228006008885
2026_1373_1438,0.30829141685665873
2026_1373_1458,0.30826871530079447
2026_1373_1460,0.3081766500663823
2026_1373_1465,0.30812955055990066
2026_1373_1474,0.3082099287706691
2026_1374_1378,0.6917897451204342
2026_1374_1385,0.3081849508955442
2026_1374_1387,0.3081485094007661
2026_1374_1388,0.3082214603911577
2026_1374_1395,0.3081826459247766
2026_1374_1397,0.3081101189493375
2026_1374_1398,0.6919270125221884
2026_1374_1400,0.6917540410314196
2026_1374_1401,0.3081482281332213
2026_1374_1403,0.3081977267003073
2026_1374_1407,0.6917670539940367
2026_1374_1416,0.30822419345071805
2026_1374_1417,0.3081751288827347
2026_1374_1420,0.6919083187794636
2026_1374_1429,0.3081841629628512
2026_1374_1433,0.691783615019749
2026_1374_1435,0.3082148411682287
2026_1374_1437,0.3081776108705415
2026_1374_1438,0.3081410895321104
2026_1374_1458,0.308162226272805
2026_1374_1460,0.6918975876875902
2026_1374_1465,0.691829163445203
2026_1374_1474,0.691832063008765
2026_1378_1385,0.30813537713181194
2026_1378_1387,0.30815351527135826
2026_1378_1388,0.30819382722391775
2026_1378_1395,0.30814146103447504
2026_1378_1397,0.30823487821215634
2026_1378_1398,0.691834035720999
2026_1378_1400,0.6917092132730002
2026_1378_1401,0.3081274314207261
2026_1378_1403,0.30824426471320543
2026_1378_1407,0.6918129338724605
2026_1378_1416,0.3081715137795332
2026_1378_1417,0.3081239996815939
2026_1378_1420,0.6918262578792329
2026_1378_1429,0.3081935805832068
2026_1378_1433,0.6917833610621954
2026_1378_1435,0.30818647141310584
2026_1378_1437,0.3082018836851317
2026_1378_1438,0.3082434655200298
2026_1378_1458,0.3081911447458344
2026_1378_1460,0.691807502072768
2026_1378_1465,0.6918571200437194
2026_1378_1474,0.6917965768403166
2026_1385_1387,0.6917427807338643
2026_1385_1388,0.6918143689372117
2026_1385_1395,0.6918440530134493
2026_1385_1397,0.6917580054113911
2026_1385_1398,0.6916568467596966
2026_1385_1400,0.6917310474708783
2026_1385_1401,0.6917207045404024
2026_1385_1403,0.30825430029322876
2026_1385_1407,0.6917738460155256
2026_1385_1416,0.6918613817808057
2026_1385_1417,0.691799919162518
2026_1385_1420,0.6916397781443526
2026_1385_1429,0.691793218890876
2026_1385_1433,0.6918033420916501
2026_1385_1435,0.30817743506585615
2026_1385_1437,0.691775978344323
2026_1385_1438,0.30826315262905446
2026_1385_1458,0.3081936643673282
2026_1385_1460,0.6917409184435488
2026_1385_1465,0.691869943834148
2026_1385_1474,0.6916949856074949
2026_1387_1388,0.30829586528479336
2026_1387_1395,0.30826271858756626
2026_1387_1397,0.30818000588755823
2026_1387_1398,0.6918901636633411
2026_1387_1400,0.6918133782518961
2026_1387_1401,0.6917597991745508
2026_1387_1403,0.3082299557549243
2026_1387_1407,0.6917984552600321
2026_1387_1416,0.6918428900131709
2026_1387_1417,0.30823627096423944
2026_1387_1420,0.6919275934960304
2026_1387_1429,0.30823746202969704
2026_1387_1433,0.6918343688827661
2026_1387_1435,0.30828507933481175
2026_1387_1437,0.30823963984321345
2026_1387_1438,0.30819847888259166
2026_1387_1458,0.30820016856921717
2026_1387_1460,0.6918858848176431
2026_1387_1465,0.6918449312747749
2026_1387_1474,0.6918527414868205
2026_1388_1395,0.6917798253905886
2026_1388_1397,0.3081932162815839
2026_1388_1398,0.6916918467907068
2026_1388_1400,0.6917337108561875
2026_1388_1401,0.6918025867548084
2026_1388_1403,0.30824298255971616
2026_1388_1407,0.6917633840187116
2026_1388_1416,0.6918032810034029
2026_1388_1417,0.6917461910412214
2026_1388_1420,0.6916865495968281
2026_1388_1429,0.6917466903130502
2026_1388_1433,0.6918460021046554
2026_1388_1435,0.308159962971605
2026_1388_1437,0.6917543625834872
2026_1388_1438,0.3082073009627311
2026_1388_1458,0.3081809239038156
2026_1388_1460,0.6917390881805714
2026_1388_1465,0.6917930528789304
2026_1388_1474,0.6917092834880182
2026_1395_1397,0.3082178471313728
2026_1395_1398,0.6917802457957806
2026_1395_1400,0.691768504419877
2026_1395_1401,0.6917541824552016
2026_1395_1403,0.30826204731892903
2026_1395_1407,0.6918257968991492
2026_1395_1416,0.6918495308811127
2026_1395_1417,0.308160779768223
2026_1395_1420,0.6917665594209654
2026_1395_1429,0.3082251300469625
2026_1395_1433,0.6918326087743178
2026_1395_1435,0.3081983867154726
2026_1395_1437,0.3082314188331432
2026_1395_1438,0.30823710618951694
2026_1395_1458,0.3082008416569302
2026_1395_1460,0.6918014908663721
2026_1395_1465,0.6918808403905304
2026_1395_1474,0.6917797420306178
2026_1397_1398,0.6918556124575933
2026_1397_1400,0.691756298904477
2026_1397_1401,0.6916788894595662
2026_1397_1403,0.3082277878540599
2026_1397_1407,0.6916839239237803
2026_1397_1416,0.6917661192848495
2026_1397_1417,0.6917593490652085
2026_1397_1420,0.6918075521891108
2026_1397_1429,0.6918265467463459
2026_1397_1433,0.6917573748639336
2026_1397_1435,0.3082268133324184
2026_1397_1437,0.6918240977627351
2026_1397_1438,0.3082137206693769
2026_1397_1458,0.3081930102595575
2026_1397_1460,0.6918852189771635
2026_1397_1465,0.6917336216936583
2026_1397_1474,0.6917444065736228
2026_1398_1400,0.30811659614440323
2026_1398_1401,0.30816317652953995
2026_1398_1403,0.30816332085464226
2026_1398_1407,0.3081091334916932
2026_1398_1416,0.30817059114247747
2026_1398_1417,0.3082613564880128
2026_1398_1420,0.6917726250481997
2026_1398_1429,0.3081765231165182
2026_1398_1433,0.3081691093821176
2026_1398_1435,0.30826701962067826
2026_1398_1437,0.30820703440595
2026_1398_1438,0.30817176987149497
2026_1398_1458,0.30817431406063844
2026_1398_1460,0.3081114663379827
2026_1398_1465,0.30814338210817094
2026_1398_1474,0.6916718096999606
2026_1400_1401,0.30818835501418285
2026_1400_1403,0.3082724567764761
2026_1400_1407,0.6918045227757738
2026_1400_1416,0.30827053084409484
2026_1400_1417,0.30821953272652247
2026_1400_1420,0.6918915449314124
2026_1400_1429,0.30821151705030403
2026_1400_1433,0.6918179898062037
2026_1400_1435,0.30826642005942373
2026_1400_1437,0.30819892252141656
2026_1400_1438,0.3081980490700458
2026_1400_1458,0.3082005040983683
2026_1400_1460,0.6918716626935366
2026_1400_1465,0.6918623163367074
2026_1400_1474,0.6919112925894624
2026_1401_1403,0.30834088504587676
2026_1401_1407,0.6918813024594694
2026_1401_1416,0.3082811852535252
2026_1401_1417,0.30822281929436124
2026_1401_1420,0.6918286551625257
2026_1401_1429,0.30828499871549453
2026_1401_1433,0.6918690813977983
2026_1401_1435,0.3082334283776581
2026_1401_1437,0.30828636922636243
2026_1401_1438,0.30826727839319745
2026_1401_1458,0.3082804120285596
2026_1401_1460,0.6918513461474165
2026_1401_1465,0.6918916664382384
2026_1401_1474,0.6918323977387646
2026_1403_1407,0.6916994373408314
2026_1403_1416,0.6917435140960979
2026_1403_1417,0.6917129938666177
2026_1403_1420,0.6918870475251702
2026_1403_1429,0.6917943482916843
2026_1403_1433,0.6917392536533272
2026_1403_1435,0.30817728793043286
2026_1403_1437,0.6917820769812448
2026_1403_1438,0.3081872731023967
2026_1403_1458,0.6917337782393804
2026_1403_1460,0.6918176803938234
2026_1403_1465,0.6917356566068853
2026_1403_1474,0.6917340751258867
2026_1407_1416,0.30816764346187653
2026_1407_1417,0.3082017434425436
2026_1407_1420,0.6918794073418899
2026_1407_1429,0.30825591277101283
2026_1407_1433,0.3081610435300838
2026_1407_1435,0.30813728814824715
2026_1407_1437,0.30828140888801814
2026_1407_1438,0.3082947123892795
2026_1407_1458,0.30824218823474225
2026_1407_1460,0.6918100662830798
2026_1407_1465,0.6917972186039112
2026_1407_1474,0.6918458767131773
2026_1416_1417,0.30813879928772836
2026_1416_1420,0.6918272596464771
2026_1416_1429,0.30819925785425495
2026_1416_1433,0.6918029761458396
2026_1416_1435,0.3081708590005192
2026_1416_1437,0.308204956864667
2026_1416_1438,0.30821878492465593
2026_1416_1458,0.30818791030675596
2026_1416_1460,0.6918171976915365
2026_1416_1465,0.6918780648108831
2026_1416_1474,0.6917987626570564
2026_1417_1420,0.6917293023081149
2026_1417_1429,0.6918033954659248
2026_1417_1433,0.6918353198649947
2026_1417_1435,0.3082058668396247
2026_1417_1437,0.6918059187989837
2026_1417_1438,0.3082667296261101
2026_1417_1458,0.30822491830475474
2026_1417_1460,0.6917915050029658
2026_1417_1465,0.6918686198950509
2026_1417_1474,0.6917586559026097
2026_1420_1429,0.3081886333946553
2026_1420_1433,0.3081740327875123
2026_1420_1435,0.30827491053020273
2026_1420_1437,0.3082146408821178
2026_1420_1438,0.308194961932023
2026_1420_1458,0.3081782552052629
2026_1420_1460,0.3081187953344475
2026_1420_1465,0.3081979256817795
2026_1420_1474,0.30815694632811474
2026_1429_1433,0.6917940017412333
2026_1429_1435,0.30823183932009157
2026_1429_1437,0.3081915272337272
2026_1429_1438,0.30820750378208406
2026_1429_1458,0.308140975725703
2026_1429_1460,0.691831002444101
2026_1429_1465,0.6918038093846729
2026_1429_1474,0.6918448263837154
2026_1433_1435,0.3081698758709621
2026_1433_1437,0.30821260659217686
2026_1433_1438,0.3082348515064103
2026_1433_1458,0.3082068094761762
2026_1433_1460,0.6918087960658559
2026_1433_1465,0.6918445314387063
2026_1433_1474,0.6917965947327386
2026_1435_1437,0.6917792822285215
2026_1435_1438,0.30828464142214485
2026_1435_1458,0.6917531252790907
2026_1435_1460,0.6917390757604683
2026_1435_1465,0.6917932969154256
2026_1435_1474,0.6916966562990162
2026_1437_1438,0.3081804485837797
2026_1437_1458,0.30815140951896136
2026_1437_1460,0.6918128227031914
2026_1437_1465,0.6917760280474786
2026_1437_1474,0.6918348399840084
2026_1438_1458,0.6917534102423512
2026_1438_1460,0.691922466290548
2026_1438_1465,0.691745815560826
2026_1438_1474,0.691792286383587
2026_1458_1460,0.6918086351858334
2026_1458_1465,0.6917753826529485
2026_1458_1474,0.6918174705404485
2026_1460_1465,0.3082073740271307
2026_1460_1474,0.691815982972976
2026_1465_1474,0.6918219912276949
