Id,Pred
2021_1101_1104,0.34522587
2021_1101_1111,0.5054377
2021_1101_1116,0.27255774
2021_1101_1124,0.23814803
2021_1101_1140,0.36193275
2021_1101_1155,0.5422714
2021_1101_1156,0.47636104
2021_1101_1159,0.7115121
2021_1101_1160,0.42062628
2021_1101_1163,0.49592465
2021_1101_1166,0.34899116
2021_1101_1179,0.4393921
2021_1101_1180,0.64740044
2021_1101_1186,0.6579616
2021_1101_1196,0.46907824
2021_1101_1199,0.28819466
2021_1101_1207,0.48141593
2021_1101_1210,0.41751564
2021_1101_1211,0.25437355
2021_1101_1213,0.45389545
2021_1101_1216,0.5906795
2021_1101_1222,0.23541969
2021_1101_1228,0.25577438
2021_1101_1233,0.4977128
2021_1101_1234,0.29053807
2021_1101_1242,0.45454854
2021_1101_1251,0.44130987
2021_1101_1260,0.4444502
2021_1101_1261,0.40881866
2021_1101_1268,0.54548836
2021_1101_1276,0.2904405
2021_1101_1277,0.48907042
2021_1101_1281,0.48141593
2021_1101_1287,0.37559283
2021_1101_1291,0.5386526
2021_1101_1313,0.5430378
2021_1101_1314,0.41014206
2021_1101_1317,0.4491275
2021_1101_1325,0.41612417
2021_1101_1326,0.39817703
2021_1101_1328,0.42002594
2021_1101_1329,0.3786291
2021_1101_1331,0.65233904
2021_1101_1332,0.41751564
2021_1101_1333,0.52595735
2021_1101_1345,0.43801928
2021_1101_1353,0.4257275
2021_1101_1361,0.46197927
2021_1101_1364,0.5964804
2021_1101_1382,0.49302018
2021_1101_1393,0.43836212
2021_1101_1397,0.5353484
2021_1101_1400,0.34324378
2021_1101_1403,0.4061069
2021_1101_1411,0.627012
2021_1101_1417,0.51337314
2021_1101_1422,0.42793387
2021_1101_1425,0.43262935
2021_1101_1429,0.42308867
2021_1101_1433,0.48238838
2021_1101_1437,0.41831964
2021_1101_1438,0.38816857
2021_1101_1439,0.52965903
2021_1101_1452,0.3124534
2021_1101_1455,0.48465413
2021_1101_1457,0.42448324
2021_1101_1458,0.56464016
2021_1104_1111,0.77303296
2021_1104_1116,0.4962994
2021_1104_1124,0.5899006
2021_1104_1140,0.63518864
2021_1104_1155,0.6729222
2021_1104_1156,0.80297506
2021_1104_1159,0.7138277
2021_1104_1160,0.57648796
2021_1104_1163,0.52613163
2021_1104_1166,0.5999068
2021_1104_1179,0.6060852
2021_1104_1180,0.79622936
2021_1104_1186,0.77200615
2021_1104_1196,0.59127975
2021_1104_1199,0.5394316
2021_1104_1207,0.633899
2021_1104_1210,0.57415664
2021_1104_1211,0.46342343
2021_1104_1213,0.78021884
2021_1104_1216,0.79098177
2021_1104_1222,0.3510769
2021_1104_1228,0.5048187
2021_1104_1233,0.8011645
2021_1104_1234,0.45274907
2021_1104_1242,0.46996838
2021_1104_1251,0.77717686
2021_1104_1260,0.47524077
2021_1104_1261,0.58519804
2021_1104_1268,0.69014394
2021_1104_1276,0.47760773
2021_1104_1277,0.73645383
2021_1104_1281,0.6028484
2021_1104_1287,0.79098177
2021_1104_1291,0.7962506
2021_1104_1313,0.80297506
2021_1104_1314,0.53397316
2021_1104_1317,0.80297506
2021_1104_1325,0.72682726
2021_1104_1326,0.51619756
2021_1104_1328,0.5981699
2021_1104_1329,0.61002934
2021_1104_1331,0.80297506
2021_1104_1332,0.6279095
2021_1104_1333,0.75107336
2021_1104_1345,0.56956005
2021_1104_1353,0.6962401
2021_1104_1361,0.59113157
2021_1104_1364,0.63891774
2021_1104_1382,0.58637583
2021_1104_1393,0.67145157
2021_1104_1397,0.5789006
2021_1104_1400,0.5059369
2021_1104_1403,0.49778807
2021_1104_1411,0.78021884
2021_1104_1417,0.697117
2021_1104_1422,0.7953898
2021_1104_1425,0.55709165
2021_1104_1429,0.6805407
2021_1104_1433,0.69308734
2021_1104_1437,0.5068629
2021_1104_1438,0.5010492
2021_1104_1439,0.7291863
2021_1104_1452,0.47959578
2021_1104_1455,0.74352866
2021_1104_1457,0.6813586
2021_1104_1458,0.6525436
2021_1111_1116,0.23454511
2021_1111_1124,0.2342189
2021_1111_1140,0.4073164
2021_1111_1155,0.25545442
2021_1111_1156,0.58166206
2021_1111_1159,0.3293922
2021_1111_1160,0.30758363
2021_1111_1163,0.36764938
2021_1111_1166,0.23150063
2021_1111_1179,0.3230723
2021_1111_1180,0.48709512
2021_1111_1186,0.35638958
2021_1111_1196,0.2875148
2021_1111_1199,0.4173301
2021_1111_1207,0.37402904
2021_1111_1210,0.32680583
2021_1111_1211,0.21912307
2021_1111_1213,0.49587578
2021_1111_1216,0.50834
2021_1111_1222,0.35494256
2021_1111_1228,0.29127645
2021_1111_1233,0.57069063
2021_1111_1234,0.3015058
2021_1111_1242,0.29471546
2021_1111_1251,0.3494823
2021_1111_1260,0.33111495
2021_1111_1261,0.27605546
2021_1111_1268,0.42515785
2021_1111_1276,0.27853227
2021_1111_1277,0.55125844
2021_1111_1281,0.43366045
2021_1111_1287,0.40325457
2021_1111_1291,0.48821276
2021_1111_1313,0.5948186
2021_1111_1314,0.25945735
2021_1111_1317,0.31971222
2021_1111_1325,0.42031044
2021_1111_1326,0.21444595
2021_1111_1328,0.26900852
2021_1111_1329,0.22759551
2021_1111_1331,0.5019512
2021_1111_1332,0.28081214
2021_1111_1333,0.4426092
2021_1111_1345,0.37781936
2021_1111_1353,0.31215662
2021_1111_1361,0.24367595
2021_1111_1364,0.3417729
2021_1111_1382,0.309071
2021_1111_1393,0.3286869
2021_1111_1397,0.24697608
2021_1111_1400,0.23503542
2021_1111_1403,0.27514166
2021_1111_1411,0.5284592
2021_1111_1417,0.3447833
2021_1111_1422,0.3090161
2021_1111_1425,0.46291488
2021_1111_1429,0.31518906
2021_1111_1433,0.2842877
2021_1111_1437,0.3668568
2021_1111_1438,0.3114478
2021_1111_1439,0.36110395
2021_1111_1452,0.1976853
2021_1111_1455,0.3467266
2021_1111_1457,0.3406309
2021_1111_1458,0.326405
2021_1116_1124,0.3736657
2021_1116_1140,0.6243746
2021_1116_1155,0.64565575
2021_1116_1156,0.80297506
2021_1116_1159,0.66319424
2021_1116_1160,0.61848867
2021_1116_1163,0.63273555
2021_1116_1166,0.6517793
2021_1116_1179,0.5973455
2021_1116_1180,0.80297506
2021_1116_1186,0.80297506
2021_1116_1196,0.6345386
2021_1116_1199,0.5209029
2021_1116_1207,0.6163125
2021_1116_1210,0.6401981
2021_1116_1211,0.32957345
2021_1116_1213,0.78021884
2021_1116_1216,0.80297506
2021_1116_1222,0.38515842
2021_1116_1228,0.53371835
2021_1116_1233,0.80297506
2021_1116_1234,0.41389227
2021_1116_1242,0.46787322
2021_1116_1251,0.50906384
2021_1116_1260,0.64171505
2021_1116_1261,0.6047142
2021_1116_1268,0.6104277
2021_1116_1276,0.59984225
2021_1116_1277,0.7290753
2021_1116_1281,0.61856055
2021_1116_1287,0.8014895
2021_1116_1291,0.8014895
2021_1116_1313,0.80297506
2021_1116_1314,0.6019132
2021_1116_1317,0.60256296
2021_1116_1325,0.7211554
2021_1116_1326,0.50997186
2021_1116_1328,0.64022565
2021_1116_1329,0.5040306
2021_1116_1331,0.80297506
2021_1116_1332,0.6368637
2021_1116_1333,0.70942116
2021_1116_1345,0.46910298
2021_1116_1353,0.6447963
2021_1116_1361,0.6302599
2021_1116_1364,0.6586895
2021_1116_1382,0.62139297
2021_1116_1393,0.6622225
2021_1116_1397,0.6391488
2021_1116_1400,0.49803346
2021_1116_1403,0.60864824
2021_1116_1411,0.78021884
2021_1116_1417,0.73626494
2021_1116_1422,0.7423153
2021_1116_1425,0.6342802
2021_1116_1429,0.69621
2021_1116_1433,0.5764146
2021_1116_1437,0.6229024
2021_1116_1438,0.41171998
2021_1116_1439,0.6512914
2021_1116_1452,0.5371522
2021_1116_1455,0.7414341
2021_1116_1457,0.72942305
2021_1116_1458,0.6368445
2021_1124_1140,0.6142231
2021_1124_1155,0.7075844
2021_1124_1156,0.80297506
2021_1124_1159,0.74429023
2021_1124_1160,0.56649315
2021_1124_1163,0.75380445
2021_1124_1166,0.68606436
2021_1124_1179,0.7453982
2021_1124_1180,0.80297506
2021_1124_1186,0.8008026
2021_1124_1196,0.67621255
2021_1124_1199,0.5965179
2021_1124_1207,0.75323164
2021_1124_1210,0.7184342
2021_1124_1211,0.48072678
2021_1124_1213,0.7778648
2021_1124_1216,0.80297506
2021_1124_1222,0.51033294
2021_1124_1228,0.49487305
2021_1124_1233,0.80297506
2021_1124_1234,0.73044646
2021_1124_1242,0.7075844
2021_1124_1251,0.80297506
2021_1124_1260,0.60100645
2021_1124_1261,0.59855145
2021_1124_1268,0.6491659
2021_1124_1276,0.47335106
2021_1124_1277,0.68078923
2021_1124_1281,0.577325
2021_1124_1287,0.7921163
2021_1124_1291,0.7816673
2021_1124_1313,0.80297506
2021_1124_1314,0.7085949
2021_1124_1317,0.80297506
2021_1124_1325,0.80297506
2021_1124_1326,0.48751295
2021_1124_1328,0.77090985
2021_1124_1329,0.70370793
2021_1124_1331,0.7908729
2021_1124_1332,0.66512513
2021_1124_1333,0.7816673
2021_1124_1345,0.7053467
2021_1124_1353,0.6241224
2021_1124_1361,0.64113224
2021_1124_1364,0.78021884
2021_1124_1382,0.6395986
2021_1124_1393,0.653059
2021_1124_1397,0.74444354
2021_1124_1400,0.6960085
2021_1124_1403,0.6974639
2021_1124_1411,0.7778648
2021_1124_1417,0.7371197
2021_1124_1422,0.7557647
2021_1124_1425,0.6821096
2021_1124_1429,0.6928308
2021_1124_1433,0.61464
2021_1124_1437,0.63654685
2021_1124_1438,0.6194966
2021_1124_1439,0.6835883
2021_1124_1452,0.7112316
2021_1124_1455,0.6870626
2021_1124_1457,0.8008026
2021_1124_1458,0.7351074
2021_1140_1155,0.39706677
2021_1140_1156,0.7237074
2021_1140_1159,0.58603823
2021_1140_1160,0.45559257
2021_1140_1163,0.5051436
2021_1140_1166,0.47681576
2021_1140_1179,0.56249535
2021_1140_1180,0.7428466
2021_1140_1186,0.71194017
2021_1140_1196,0.5103295
2021_1140_1199,0.3647545
2021_1140_1207,0.56115127
2021_1140_1210,0.6203963
2021_1140_1211,0.32495356
2021_1140_1213,0.6248712
2021_1140_1216,0.67126536
2021_1140_1222,0.32759732
2021_1140_1228,0.33206445
2021_1140_1233,0.7158374
2021_1140_1234,0.3912766
2021_1140_1242,0.35786706
2021_1140_1251,0.60907066
2021_1140_1260,0.5442313
2021_1140_1261,0.5630467
2021_1140_1268,0.6449672
2021_1140_1276,0.3720972
2021_1140_1277,0.6331512
2021_1140_1281,0.6028075
2021_1140_1287,0.69489485
2021_1140_1291,0.71533144
2021_1140_1313,0.6928652
2021_1140_1314,0.4847901
2021_1140_1317,0.56313074
2021_1140_1325,0.560345
2021_1140_1326,0.5662674
2021_1140_1328,0.6050065
2021_1140_1329,0.41335917
2021_1140_1331,0.6758388
2021_1140_1332,0.50974584
2021_1140_1333,0.621806
2021_1140_1345,0.5649103
2021_1140_1353,0.5892793
2021_1140_1361,0.3998165
2021_1140_1364,0.6048205
2021_1140_1382,0.5563828
2021_1140_1393,0.5701483
2021_1140_1397,0.51245177
2021_1140_1400,0.40195233
2021_1140_1403,0.39371377
2021_1140_1411,0.57139224
2021_1140_1417,0.6081161
2021_1140_1422,0.53945225
2021_1140_1425,0.4615727
2021_1140_1429,0.564601
2021_1140_1433,0.5857692
2021_1140_1437,0.43791062
2021_1140_1438,0.53696895
2021_1140_1439,0.63470316
2021_1140_1452,0.4381652
2021_1140_1455,0.6116229
2021_1140_1457,0.46195298
2021_1140_1458,0.62357074
2021_1155_1156,0.6109614
2021_1155_1159,0.60828817
2021_1155_1160,0.39316815
2021_1155_1163,0.5087388
2021_1155_1166,0.4056883
2021_1155_1179,0.5297807
2021_1155_1180,0.68010414
2021_1155_1186,0.63145983
2021_1155_1196,0.51739967
2021_1155_1199,0.53145844
2021_1155_1207,0.6647869
2021_1155_1210,0.5602076
2021_1155_1211,0.339895
2021_1155_1213,0.66152745
2021_1155_1216,0.7041434
2021_1155_1222,0.33206838
2021_1155_1228,0.44454557
2021_1155_1233,0.65714604
2021_1155_1234,0.40986907
2021_1155_1242,0.34976983
2021_1155_1251,0.57383525
2021_1155_1260,0.50828755
2021_1155_1261,0.62726104
2021_1155_1268,0.57268536
2021_1155_1276,0.5645735
2021_1155_1277,0.59679806
2021_1155_1281,0.4948219
2021_1155_1287,0.5100198
2021_1155_1291,0.6882471
2021_1155_1313,0.61793625
2021_1155_1314,0.5006711
2021_1155_1317,0.5246893
2021_1155_1325,0.5514071
2021_1155_1326,0.5732392
2021_1155_1328,0.70176715
2021_1155_1329,0.41653323
2021_1155_1331,0.65094924
2021_1155_1332,0.50387836
2021_1155_1333,0.56905496
2021_1155_1345,0.41850513
2021_1155_1353,0.5555104
2021_1155_1361,0.4889837
2021_1155_1364,0.5842757
2021_1155_1382,0.47846746
2021_1155_1393,0.4656583
2021_1155_1397,0.33123726
2021_1155_1400,0.4839415
2021_1155_1403,0.5165597
2021_1155_1411,0.6556045
2021_1155_1417,0.53316325
2021_1155_1422,0.49314463
2021_1155_1425,0.5004488
2021_1155_1429,0.5390057
2021_1155_1433,0.46602565
2021_1155_1437,0.4949997
2021_1155_1438,0.39244562
2021_1155_1439,0.59599185
2021_1155_1452,0.41505802
2021_1155_1455,0.63209116
2021_1155_1457,0.5456269
2021_1155_1458,0.55832314
2021_1156_1159,0.51116645
2021_1156_1160,0.26453036
2021_1156_1163,0.27637202
2021_1156_1166,0.23476452
2021_1156_1179,0.32636774
2021_1156_1180,0.42626315
2021_1156_1186,0.44672686
2021_1156_1196,0.24941123
2021_1156_1199,0.1976853
2021_1156_1207,0.3785044
2021_1156_1210,0.3497362
2021_1156_1211,0.19800776
2021_1156_1213,0.4738717
2021_1156_1216,0.4672606
2021_1156_1222,0.20042086
2021_1156_1228,0.22332162
2021_1156_1233,0.5099447
2021_1156_1234,0.346493
2021_1156_1242,0.20297998
2021_1156_1251,0.36336255
2021_1156_1260,0.32422203
2021_1156_1261,0.37479138
2021_1156_1268,0.31660163
2021_1156_1276,0.20671743
2021_1156_1277,0.47246265
2021_1156_1281,0.36227262
2021_1156_1287,0.4020899
2021_1156_1291,0.4527902
2021_1156_1313,0.5056764
2021_1156_1314,0.3467216
2021_1156_1317,0.37552857
2021_1156_1325,0.415021
2021_1156_1326,0.3830738
2021_1156_1328,0.32418895
2021_1156_1329,0.20405918
2021_1156_1331,0.5029123
2021_1156_1332,0.24672121
2021_1156_1333,0.59354573
2021_1156_1345,0.22910684
2021_1156_1353,0.35639518
2021_1156_1361,0.23673385
2021_1156_1364,0.41512948
2021_1156_1382,0.32418895
2021_1156_1393,0.33232307
2021_1156_1397,0.24244916
2021_1156_1400,0.23141247
2021_1156_1403,0.28290945
2021_1156_1411,0.4918704
2021_1156_1417,0.3936435
2021_1156_1422,0.34810358
2021_1156_1425,0.30267996
2021_1156_1429,0.31616902
2021_1156_1433,0.4000978
2021_1156_1437,0.3208714
2021_1156_1438,0.2581597
2021_1156_1439,0.37552857
2021_1156_1452,0.27834314
2021_1156_1455,0.3568704
2021_1156_1457,0.33931893
2021_1156_1458,0.3744579
2021_1159_1160,0.34886354
2021_1159_1163,0.5026737
2021_1159_1166,0.40110415
2021_1159_1179,0.5399955
2021_1159_1180,0.55930936
2021_1159_1186,0.64617574
2021_1159_1196,0.48255283
2021_1159_1199,0.44726747
2021_1159_1207,0.52642703
2021_1159_1210,0.5672543
2021_1159_1211,0.1976853
2021_1159_1213,0.666216
2021_1159_1216,0.75751054
2021_1159_1222,0.28224128
2021_1159_1228,0.3898639
2021_1159_1233,0.4207126
2021_1159_1234,0.43259156
2021_1159_1242,0.39493877
2021_1159_1251,0.34763002
2021_1159_1260,0.4195699
2021_1159_1261,0.4402864
2021_1159_1268,0.53395194
2021_1159_1276,0.34800863
2021_1159_1277,0.5671156
2021_1159_1281,0.5110483
2021_1159_1287,0.5930095
2021_1159_1291,0.6753449
2021_1159_1313,0.75764143
2021_1159_1314,0.40970808
2021_1159_1317,0.39845085
2021_1159_1325,0.4474843
2021_1159_1326,0.45589852
2021_1159_1328,0.57556915
2021_1159_1329,0.33666497
2021_1159_1331,0.5114735
2021_1159_1332,0.5732256
2021_1159_1333,0.48724115
2021_1159_1345,0.41068816
2021_1159_1353,0.5092678
2021_1159_1361,0.35576195
2021_1159_1364,0.523119
2021_1159_1382,0.39722896
2021_1159_1393,0.48765534
2021_1159_1397,0.27870697
2021_1159_1400,0.43599504
2021_1159_1403,0.339266
2021_1159_1411,0.7471839
2021_1159_1417,0.6063771
2021_1159_1422,0.54668534
2021_1159_1425,0.41698408
2021_1159_1429,0.4165672
2021_1159_1433,0.4391727
2021_1159_1437,0.42858213
2021_1159_1438,0.35470974
2021_1159_1439,0.56880176
2021_1159_1452,0.34700984
2021_1159_1455,0.48960763
2021_1159_1457,0.38615584
2021_1159_1458,0.5184112
2021_1160_1163,0.5933643
2021_1160_1166,0.51054907
2021_1160_1179,0.5109198
2021_1160_1180,0.7400873
2021_1160_1186,0.68745255
2021_1160_1196,0.62437177
2021_1160_1199,0.49782473
2021_1160_1207,0.7168418
2021_1160_1210,0.6461256
2021_1160_1211,0.33990508
2021_1160_1213,0.6752087
2021_1160_1216,0.79891443
2021_1160_1222,0.33601362
2021_1160_1228,0.37442362
2021_1160_1233,0.72371596
2021_1160_1234,0.4710909
2021_1160_1242,0.48760968
2021_1160_1251,0.6541285
2021_1160_1260,0.5513283
2021_1160_1261,0.6707972
2021_1160_1268,0.639644
2021_1160_1276,0.41227567
2021_1160_1277,0.7558067
2021_1160_1281,0.5833375
2021_1160_1287,0.6619688
2021_1160_1291,0.79577786
2021_1160_1313,0.8010274
2021_1160_1314,0.59745026
2021_1160_1317,0.63343316
2021_1160_1325,0.6830628
2021_1160_1326,0.42738628
2021_1160_1328,0.52977085
2021_1160_1329,0.71811426
2021_1160_1331,0.6524643
2021_1160_1332,0.5990969
2021_1160_1333,0.61266005
2021_1160_1345,0.48031074
2021_1160_1353,0.6070075
2021_1160_1361,0.50001955
2021_1160_1364,0.6062176
2021_1160_1382,0.55726826
2021_1160_1393,0.54996824
2021_1160_1397,0.49175477
2021_1160_1400,0.44574314
2021_1160_1403,0.4961691
2021_1160_1411,0.5567732
2021_1160_1417,0.6503903
2021_1160_1422,0.61295563
2021_1160_1425,0.49661022
2021_1160_1429,0.5141178
2021_1160_1433,0.59047365
2021_1160_1437,0.4799497
2021_1160_1438,0.4368857
2021_1160_1439,0.661151
2021_1160_1452,0.42738628
2021_1160_1455,0.6177313
2021_1160_1457,0.52688074
2021_1160_1458,0.6279747
2021_1163_1166,0.47933918
2021_1163_1179,0.57704103
2021_1163_1180,0.7554557
2021_1163_1186,0.5572967
2021_1163_1196,0.46970624
2021_1163_1199,0.41074044
2021_1163_1207,0.6118425
2021_1163_1210,0.6224469
2021_1163_1211,0.34022415
2021_1163_1213,0.7297931
2021_1163_1216,0.681634
2021_1163_1222,0.40935546
2021_1163_1228,0.37557614
2021_1163_1233,0.7193867
2021_1163_1234,0.46242625
2021_1163_1242,0.50672615
2021_1163_1251,0.6048012
2021_1163_1260,0.38183105
2021_1163_1261,0.7524111
2021_1163_1268,0.62705827
2021_1163_1276,0.46293646
2021_1163_1277,0.6500271
2021_1163_1281,0.5870153
2021_1163_1287,0.5116807
2021_1163_1291,0.6753216
2021_1163_1313,0.72246444
2021_1163_1314,0.4492184
2021_1163_1317,0.5561832
2021_1163_1325,0.6278516
2021_1163_1326,0.49026996
2021_1163_1328,0.47196335
2021_1163_1329,0.42926455
2021_1163_1331,0.69842696
2021_1163_1332,0.42529947
2021_1163_1333,0.63859046
2021_1163_1345,0.6055815
2021_1163_1353,0.6279564
2021_1163_1361,0.4391632
2021_1163_1364,0.6082165
2021_1163_1382,0.5703799
2021_1163_1393,0.54096925
2021_1163_1397,0.42417693
2021_1163_1400,0.48675674
2021_1163_1403,0.48872614
2021_1163_1411,0.7171714
2021_1163_1417,0.6668484
2021_1163_1422,0.5353768
2021_1163_1425,0.44167405
2021_1163_1429,0.57995546
2021_1163_1433,0.5508445
2021_1163_1437,0.51304555
2021_1163_1438,0.63487595
2021_1163_1439,0.62330544
2021_1163_1452,0.4818682
2021_1163_1455,0.6531538
2021_1163_1457,0.5371791
2021_1163_1458,0.63830465
2021_1166_1179,0.47222996
2021_1166_1180,0.80297506
2021_1166_1186,0.72370213
2021_1166_1196,0.56630945
2021_1166_1199,0.5209618
2021_1166_1207,0.52290666
2021_1166_1210,0.61132574
2021_1166_1211,0.30002648
2021_1166_1213,0.682249
2021_1166_1216,0.80297506
2021_1166_1222,0.3305325
2021_1166_1228,0.36390966
2021_1166_1233,0.7024097
2021_1166_1234,0.41517615
2021_1166_1242,0.3789839
2021_1166_1251,0.6871768
2021_1166_1260,0.54684687
2021_1166_1261,0.5169543
2021_1166_1268,0.579574
2021_1166_1276,0.43625218
2021_1166_1277,0.5567557
2021_1166_1281,0.5331912
2021_1166_1287,0.67640936
2021_1166_1291,0.6655835
2021_1166_1313,0.78021884
2021_1166_1314,0.5716195
2021_1166_1317,0.7239012
2021_1166_1325,0.53321373
2021_1166_1326,0.5787766
2021_1166_1328,0.607761
2021_1166_1329,0.46627104
2021_1166_1331,0.69341624
2021_1166_1332,0.6060742
2021_1166_1333,0.563413
2021_1166_1345,0.48516983
2021_1166_1353,0.5006118
2021_1166_1361,0.41415876
2021_1166_1364,0.56175673
2021_1166_1382,0.5059128
2021_1166_1393,0.55956066
2021_1166_1397,0.49764502
2021_1166_1400,0.46289515
2021_1166_1403,0.388071
2021_1166_1411,0.65381765
2021_1166_1417,0.5578711
2021_1166_1422,0.6114724
2021_1166_1425,0.49485058
2021_1166_1429,0.48336494
2021_1166_1433,0.5003096
2021_1166_1437,0.49069488
2021_1166_1438,0.35188
2021_1166_1439,0.6305488
2021_1166_1452,0.5346625
2021_1166_1455,0.62865615
2021_1166_1457,0.5745599
2021_1166_1458,0.6348803
2021_1179_1180,0.6719703
2021_1179_1186,0.63697976
2021_1179_1196,0.4298126
2021_1179_1199,0.44860756
2021_1179_1207,0.64787066
2021_1179_1210,0.4406289
2021_1179_1211,0.25469404
2021_1179_1213,0.6204108
2021_1179_1216,0.73378396
2021_1179_1222,0.25925678
2021_1179_1228,0.47609943
2021_1179_1233,0.73238766
2021_1179_1234,0.3531906
2021_1179_1242,0.35056603
2021_1179_1251,0.63305104
2021_1179_1260,0.39655185
2021_1179_1261,0.4332081
2021_1179_1268,0.61286545
2021_1179_1276,0.40486038
2021_1179_1277,0.63850147
2021_1179_1281,0.47360831
2021_1179_1287,0.7016691
2021_1179_1291,0.71045214
2021_1179_1313,0.6992507
2021_1179_1314,0.401124
2021_1179_1317,0.60344553
2021_1179_1325,0.62019706
2021_1179_1326,0.38616633
2021_1179_1328,0.47363853
2021_1179_1329,0.441302
2021_1179_1331,0.56302917
2021_1179_1332,0.5163665
2021_1179_1333,0.4671768
2021_1179_1345,0.47282088
2021_1179_1353,0.6587999
2021_1179_1361,0.4096073
2021_1179_1364,0.5269078
2021_1179_1382,0.35355955
2021_1179_1393,0.44679672
2021_1179_1397,0.381487
2021_1179_1400,0.38000864
2021_1179_1403,0.3073271
2021_1179_1411,0.71778935
2021_1179_1417,0.4652443
2021_1179_1422,0.7057663
2021_1179_1425,0.361454
2021_1179_1429,0.4908628
2021_1179_1433,0.63673717
2021_1179_1437,0.5368668
2021_1179_1438,0.4661914
2021_1179_1439,0.48556167
2021_1179_1452,0.35811782
2021_1179_1455,0.67083406
2021_1179_1457,0.4768561
2021_1179_1458,0.54998446
2021_1180_1186,0.4671483
2021_1180_1196,0.26187062
2021_1180_1199,0.21449524
2021_1180_1207,0.4866895
2021_1180_1210,0.41190344
2021_1180_1211,0.20068854
2021_1180_1213,0.54003257
2021_1180_1216,0.67550117
2021_1180_1222,0.212816
2021_1180_1228,0.1976853
2021_1180_1233,0.59414506
2021_1180_1234,0.20566511
2021_1180_1242,0.21154362
2021_1180_1251,0.39462286
2021_1180_1260,0.23982245
2021_1180_1261,0.42010325
2021_1180_1268,0.567233
2021_1180_1276,0.1976853
2021_1180_1277,0.4661988
2021_1180_1281,0.46803904
2021_1180_1287,0.4254505
2021_1180_1291,0.65672827
2021_1180_1313,0.5886687
2021_1180_1314,0.2489543
2021_1180_1317,0.3073271
2021_1180_1325,0.34080076
2021_1180_1326,0.23703068
2021_1180_1328,0.29056114
2021_1180_1329,0.21047622
2021_1180_1331,0.50542235
2021_1180_1332,0.2141313
2021_1180_1333,0.54810286
2021_1180_1345,0.2737257
2021_1180_1353,0.49467778
2021_1180_1361,0.26878643
2021_1180_1364,0.30378515
2021_1180_1382,0.33788216
2021_1180_1393,0.43062538
2021_1180_1397,0.21174568
2021_1180_1400,0.21930975
2021_1180_1403,0.309784
2021_1180_1411,0.54953253
2021_1180_1417,0.34701514
2021_1180_1422,0.36934775
2021_1180_1425,0.22434258
2021_1180_1429,0.3332954
2021_1180_1433,0.43373656
2021_1180_1437,0.25582242
2021_1180_1438,0.2082417
2021_1180_1439,0.35507935
2021_1180_1452,0.21069849
2021_1180_1455,0.44950485
2021_1180_1457,0.2872128
2021_1180_1458,0.48350644
2021_1186_1196,0.4284448
2021_1186_1199,0.23824179
2021_1186_1207,0.4472711
2021_1186_1210,0.32489622
2021_1186_1211,0.1976853
2021_1186_1213,0.49116987
2021_1186_1216,0.56180346
2021_1186_1222,0.20297998
2021_1186_1228,0.1976853
2021_1186_1233,0.47007233
2021_1186_1234,0.24714428
2021_1186_1242,0.21174568
2021_1186_1251,0.3545152
2021_1186_1260,0.28745586
2021_1186_1261,0.41433716
2021_1186_1268,0.56922853
2021_1186_1276,0.19826436
2021_1186_1277,0.45234984
2021_1186_1281,0.51161134
2021_1186_1287,0.43018186
2021_1186_1291,0.5836878
2021_1186_1313,0.5351907
2021_1186_1314,0.35879135
2021_1186_1317,0.3272223
2021_1186_1325,0.45191032
2021_1186_1326,0.35823482
2021_1186_1328,0.41906154
2021_1186_1329,0.3404972
2021_1186_1331,0.47490793
2021_1186_1332,0.38717252
2021_1186_1333,0.4658059
2021_1186_1345,0.35634303
2021_1186_1353,0.44506985
2021_1186_1361,0.32986647
2021_1186_1364,0.3240342
2021_1186_1382,0.3731056
2021_1186_1393,0.4004104
2021_1186_1397,0.2326088
2021_1186_1400,0.21737355
2021_1186_1403,0.2542131
2021_1186_1411,0.5598971
2021_1186_1417,0.50786114
2021_1186_1422,0.4343838
2021_1186_1425,0.26977998
2021_1186_1429,0.33380586
2021_1186_1433,0.3405677
2021_1186_1437,0.31896663
2021_1186_1438,0.3287809
2021_1186_1439,0.4115082
2021_1186_1452,0.26450813
2021_1186_1455,0.40216
2021_1186_1457,0.30208528
2021_1186_1458,0.33729094
2021_1196_1199,0.31043082
2021_1196_1207,0.60343903
2021_1196_1210,0.4891259
2021_1196_1211,0.32790643
2021_1196_1213,0.6596273
2021_1196_1216,0.7236275
2021_1196_1222,0.3270973
2021_1196_1228,0.34324032
2021_1196_1233,0.71348166
2021_1196_1234,0.45441127
2021_1196_1242,0.4544105
2021_1196_1251,0.47031403
2021_1196_1260,0.357863
2021_1196_1261,0.4774388
2021_1196_1268,0.6531488
2021_1196_1276,0.41301197
2021_1196_1277,0.6422194
2021_1196_1281,0.56593513
2021_1196_1287,0.55175674
2021_1196_1291,0.68582547
2021_1196_1313,0.7043872
2021_1196_1314,0.44138706
2021_1196_1317,0.58820367
2021_1196_1325,0.5528876
2021_1196_1326,0.47214222
2021_1196_1328,0.4671675
2021_1196_1329,0.36204743
2021_1196_1331,0.662598
2021_1196_1332,0.45682073
2021_1196_1333,0.64933264
2021_1196_1345,0.3905815
2021_1196_1353,0.6061815
2021_1196_1361,0.47576243
2021_1196_1364,0.610678
2021_1196_1382,0.59824765
2021_1196_1393,0.51401997
2021_1196_1397,0.34004748
2021_1196_1400,0.3538366
2021_1196_1403,0.4664626
2021_1196_1411,0.6884459
2021_1196_1417,0.61925626
2021_1196_1422,0.53609896
2021_1196_1425,0.45874733
2021_1196_1429,0.5271783
2021_1196_1433,0.60171175
2021_1196_1437,0.4169501
2021_1196_1438,0.38629574
2021_1196_1439,0.57248926
2021_1196_1452,0.4545232
2021_1196_1455,0.58384156
2021_1196_1457,0.49114066
2021_1196_1458,0.5967284
2021_1199_1207,0.6204896
2021_1199_1210,0.6298752
2021_1199_1211,0.32554275
2021_1199_1213,0.7888242
2021_1199_1216,0.7576414
2021_1199_1222,0.30595118
2021_1199_1228,0.32826233
2021_1199_1233,0.7248335
2021_1199_1234,0.4769755
2021_1199_1242,0.45294815
2021_1199_1251,0.67847705
2021_1199_1260,0.54252803
2021_1199_1261,0.62976193
2021_1199_1268,0.58636165
2021_1199_1276,0.3659621
2021_1199_1277,0.75923866
2021_1199_1281,0.62863046
2021_1199_1287,0.67902696
2021_1199_1291,0.78752035
2021_1199_1313,0.80297506
2021_1199_1314,0.5484481
2021_1199_1317,0.74396086
2021_1199_1325,0.71099514
2021_1199_1326,0.6362786
2021_1199_1328,0.5869924
2021_1199_1329,0.42511952
2021_1199_1331,0.7885785
2021_1199_1332,0.621168
2021_1199_1333,0.69419265
2021_1199_1345,0.434178
2021_1199_1353,0.6375057
2021_1199_1361,0.59612155
2021_1199_1364,0.7066299
2021_1199_1382,0.5547885
2021_1199_1393,0.62491405
2021_1199_1397,0.44147134
2021_1199_1400,0.47603583
2021_1199_1403,0.5929371
2021_1199_1411,0.78021884
2021_1199_1417,0.6514392
2021_1199_1422,0.68603086
2021_1199_1425,0.6059836
2021_1199_1429,0.59716463
2021_1199_1433,0.5901278
2021_1199_1437,0.40090656
2021_1199_1438,0.39336026
2021_1199_1439,0.58649695
2021_1199_1452,0.4852181
2021_1199_1455,0.654374
2021_1199_1457,0.6075089
2021_1199_1458,0.6179261
2021_1207_1210,0.39465863
2021_1207_1211,0.3148769
2021_1207_1213,0.5599686
2021_1207_1216,0.49684763
2021_1207_1222,0.33829153
2021_1207_1228,0.26517087
2021_1207_1233,0.58428377
2021_1207_1234,0.2958634
2021_1207_1242,0.28824747
2021_1207_1251,0.37150842
2021_1207_1260,0.28353262
2021_1207_1261,0.4028408
2021_1207_1268,0.45219982
2021_1207_1276,0.26718765
2021_1207_1277,0.4834683
2021_1207_1281,0.39998305
2021_1207_1287,0.55666405
2021_1207_1291,0.61359155
2021_1207_1313,0.48785013
2021_1207_1314,0.3235836
2021_1207_1317,0.32729256
2021_1207_1325,0.46200824
2021_1207_1326,0.47782725
2021_1207_1328,0.32396626
2021_1207_1329,0.2879765
2021_1207_1331,0.5592365
2021_1207_1332,0.37970072
2021_1207_1333,0.33213556
2021_1207_1345,0.46022534
2021_1207_1353,0.34116524
2021_1207_1361,0.32258672
2021_1207_1364,0.37308758
2021_1207_1382,0.27978808
2021_1207_1393,0.4623487
2021_1207_1397,0.31365138
2021_1207_1400,0.3113016
2021_1207_1403,0.31742013
2021_1207_1411,0.45981824
2021_1207_1417,0.46364617
2021_1207_1422,0.44157827
2021_1207_1425,0.32613122
2021_1207_1429,0.46441507
2021_1207_1433,0.3097723
2021_1207_1437,0.456057
2021_1207_1438,0.3881085
2021_1207_1439,0.40310776
2021_1207_1452,0.26797503
2021_1207_1455,0.48887283
2021_1207_1457,0.53143644
2021_1207_1458,0.3708371
2021_1210_1211,0.25388104
2021_1210_1213,0.5897467
2021_1210_1216,0.51805663
2021_1210_1222,0.38925976
2021_1210_1228,0.41544455
2021_1210_1233,0.5126852
2021_1210_1234,0.37415862
2021_1210_1242,0.3789839
2021_1210_1251,0.6078408
2021_1210_1260,0.44450992
2021_1210_1261,0.56992555
2021_1210_1268,0.4601494
2021_1210_1276,0.45238376
2021_1210_1277,0.6309234
2021_1210_1281,0.4773382
2021_1210_1287,0.5755757
2021_1210_1291,0.59918034
2021_1210_1313,0.5307104
2021_1210_1314,0.4910667
2021_1210_1317,0.6096658
2021_1210_1325,0.51857483
2021_1210_1326,0.49692172
2021_1210_1328,0.43872517
2021_1210_1329,0.38256687
2021_1210_1331,0.59792936
2021_1210_1332,0.33768213
2021_1210_1333,0.6379287
2021_1210_1345,0.3789839
2021_1210_1353,0.5187251
2021_1210_1361,0.34854114
2021_1210_1364,0.56867254
2021_1210_1382,0.5016483
2021_1210_1393,0.61634207
2021_1210_1397,0.3789839
2021_1210_1400,0.38188028
2021_1210_1403,0.3789839
2021_1210_1411,0.45697767
2021_1210_1417,0.60720325
2021_1210_1422,0.5126486
2021_1210_1425,0.39303565
2021_1210_1429,0.5507846
2021_1210_1433,0.5185166
2021_1210_1437,0.35906124
2021_1210_1438,0.37552857
2021_1210_1439,0.47878373
2021_1210_1452,0.39071923
2021_1210_1455,0.5972353
2021_1210_1457,0.5385765
2021_1210_1458,0.4668544
2021_1211_1213,0.78021884
2021_1211_1216,0.79675215
2021_1211_1222,0.39761806
2021_1211_1228,0.4946357
2021_1211_1233,0.78021884
2021_1211_1234,0.5032319
2021_1211_1242,0.7273454
2021_1211_1251,0.79452854
2021_1211_1260,0.61420405
2021_1211_1261,0.6006696
2021_1211_1268,0.6401124
2021_1211_1276,0.49928248
2021_1211_1277,0.6665404
2021_1211_1281,0.6694676
2021_1211_1287,0.7936541
2021_1211_1291,0.79442424
2021_1211_1313,0.80297506
2021_1211_1314,0.70681024
2021_1211_1317,0.79452854
2021_1211_1325,0.80297506
2021_1211_1326,0.47856957
2021_1211_1328,0.7554434
2021_1211_1329,0.73292166
2021_1211_1331,0.79549634
2021_1211_1332,0.7573743
2021_1211_1333,0.7816673
2021_1211_1345,0.7554434
2021_1211_1353,0.5344176
2021_1211_1361,0.5980279
2021_1211_1364,0.78021884
2021_1211_1382,0.60256547
2021_1211_1393,0.6666547
2021_1211_1397,0.71666586
2021_1211_1400,0.6779367
2021_1211_1403,0.7456336
2021_1211_1411,0.5800196
2021_1211_1417,0.7414341
2021_1211_1422,0.679528
2021_1211_1425,0.6818274
2021_1211_1429,0.6432115
2021_1211_1433,0.5344858
2021_1211_1437,0.6376008
2021_1211_1438,0.6199283
2021_1211_1439,0.75247484
2021_1211_1452,0.72103477
2021_1211_1455,0.73435986
2021_1211_1457,0.6671989
2021_1211_1458,0.6366037
2021_1213_1216,0.4707579
2021_1213_1222,0.20189565
2021_1213_1228,0.23097152
2021_1213_1233,0.5580095
2021_1213_1234,0.22239357
2021_1213_1242,0.25226247
2021_1213_1251,0.40090954
2021_1213_1260,0.32841778
2021_1213_1261,0.46441185
2021_1213_1268,0.5962724
2021_1213_1276,0.2563622
2021_1213_1277,0.577931
2021_1213_1281,0.51504743
2021_1213_1287,0.41823673
2021_1213_1291,0.4115104
2021_1213_1313,0.5812689
2021_1213_1314,0.32967633
2021_1213_1317,0.45448983
2021_1213_1325,0.3573761
2021_1213_1326,0.22698128
2021_1213_1328,0.4844728
2021_1213_1329,0.2328822
2021_1213_1331,0.48472703
2021_1213_1332,0.24668884
2021_1213_1333,0.5156102
2021_1213_1345,0.35681093
2021_1213_1353,0.47442514
2021_1213_1361,0.28146064
2021_1213_1364,0.35640442
2021_1213_1382,0.37357485
2021_1213_1393,0.43620604
2021_1213_1397,0.26238143
2021_1213_1400,0.24114293
2021_1213_1403,0.2797023
2021_1213_1411,0.5250307
2021_1213_1417,0.41824412
2021_1213_1422,0.41473478
2021_1213_1425,0.25320387
2021_1213_1429,0.28906852
2021_1213_1433,0.36902863
2021_1213_1437,0.29972005
2021_1213_1438,0.28050214
2021_1213_1439,0.40884107
2021_1213_1452,0.2256766
2021_1213_1455,0.5663898
2021_1213_1457,0.30475038
2021_1213_1458,0.6039348
2021_1216_1222,0.20914894
2021_1216_1228,0.20956516
2021_1216_1233,0.6100499
2021_1216_1234,0.25774503
2021_1216_1242,0.1976853
2021_1216_1251,0.39000177
2021_1216_1260,0.23259646
2021_1216_1261,0.27473772
2021_1216_1268,0.43977636
2021_1216_1276,0.21450174
2021_1216_1277,0.53381944
2021_1216_1281,0.47494394
2021_1216_1287,0.4478165
2021_1216_1291,0.47591138
2021_1216_1313,0.5943594
2021_1216_1314,0.26529002
2021_1216_1317,0.32204854
2021_1216_1325,0.41193253
2021_1216_1326,0.26942313
2021_1216_1328,0.25790155
2021_1216_1329,0.22148025
2021_1216_1331,0.58373415
2021_1216_1332,0.25320387
2021_1216_1333,0.5278403
2021_1216_1345,0.27389497
2021_1216_1353,0.40427232
2021_1216_1361,0.22564185
2021_1216_1364,0.31360775
2021_1216_1382,0.31661904
2021_1216_1393,0.40320402
2021_1216_1397,0.2075004
2021_1216_1400,0.24804115
2021_1216_1403,0.240901
2021_1216_1411,0.5176768
2021_1216_1417,0.39690024
2021_1216_1422,0.35196102
2021_1216_1425,0.31918067
2021_1216_1429,0.31692916
2021_1216_1433,0.3224048
2021_1216_1437,0.27595335
2021_1216_1438,0.30338597
2021_1216_1439,0.4610951
2021_1216_1452,0.23594046
2021_1216_1455,0.41750908
2021_1216_1457,0.3192343
2021_1216_1458,0.37164152
2021_1222_1228,0.68091536
2021_1222_1233,0.80297506
2021_1222_1234,0.7224283
2021_1222_1242,0.62608254
2021_1222_1251,0.79513705
2021_1222_1260,0.5989896
2021_1222_1261,0.72055197
2021_1222_1268,0.66868246
2021_1222_1276,0.6877544
2021_1222_1277,0.7024276
2021_1222_1281,0.75793815
2021_1222_1287,0.7576414
2021_1222_1291,0.79098177
2021_1222_1313,0.80297506
2021_1222_1314,0.74445164
2021_1222_1317,0.7962506
2021_1222_1325,0.76676315
2021_1222_1326,0.43890792
2021_1222_1328,0.73770547
2021_1222_1329,0.76198924
2021_1222_1331,0.770614
2021_1222_1332,0.6509533
2021_1222_1333,0.6615362
2021_1222_1345,0.6636499
2021_1222_1353,0.6478747
2021_1222_1361,0.634368
2021_1222_1364,0.7312683
2021_1222_1382,0.6226779
2021_1222_1393,0.62458944
2021_1222_1397,0.6188834
2021_1222_1400,0.50660866
2021_1222_1403,0.61692643
2021_1222_1411,0.779042
2021_1222_1417,0.71449775
2021_1222_1422,0.7174651
2021_1222_1425,0.73670495
2021_1222_1429,0.6221563
2021_1222_1433,0.66901374
2021_1222_1437,0.6507548
2021_1222_1438,0.67644125
2021_1222_1439,0.7287562
2021_1222_1452,0.72070706
2021_1222_1455,0.7290894
2021_1222_1457,0.70767844
2021_1222_1458,0.7718477
2021_1228_1233,0.7840872
2021_1228_1234,0.4745822
2021_1228_1242,0.56805885
2021_1228_1251,0.7851163
2021_1228_1260,0.5691023
2021_1228_1261,0.50065815
2021_1228_1268,0.6260253
2021_1228_1276,0.46787322
2021_1228_1277,0.6966915
2021_1228_1281,0.6014627
2021_1228_1287,0.7812479
2021_1228_1291,0.7928908
2021_1228_1313,0.797
2021_1228_1314,0.5591563
2021_1228_1317,0.75949335
2021_1228_1325,0.7301066
2021_1228_1326,0.49562484
2021_1228_1328,0.5757658
2021_1228_1329,0.5647042
2021_1228_1331,0.742429
2021_1228_1332,0.651569
2021_1228_1333,0.7816673
2021_1228_1345,0.6500785
2021_1228_1353,0.60463953
2021_1228_1361,0.5666053
2021_1228_1364,0.7894349
2021_1228_1382,0.5351082
2021_1228_1393,0.5437949
2021_1228_1397,0.5367594
2021_1228_1400,0.5778394
2021_1228_1403,0.5804848
2021_1228_1411,0.79358995
2021_1228_1417,0.7545152
2021_1228_1422,0.5061538
2021_1228_1425,0.6018828
2021_1228_1429,0.6478987
2021_1228_1433,0.47052902
2021_1228_1437,0.63751435
2021_1228_1438,0.67367834
2021_1228_1439,0.7118472
2021_1228_1452,0.5817169
2021_1228_1455,0.7208211
2021_1228_1457,0.5108738
2021_1228_1458,0.5790667
2021_1233_1234,0.3479396
2021_1233_1242,0.21726942
2021_1233_1251,0.40150905
2021_1233_1260,0.32578415
2021_1233_1261,0.40814984
2021_1233_1268,0.53456104
2021_1233_1276,0.28266996
2021_1233_1277,0.47892255
2021_1233_1281,0.4065228
2021_1233_1287,0.38815975
2021_1233_1291,0.38825023
2021_1233_1313,0.5404831
2021_1233_1314,0.37911052
2021_1233_1317,0.40083098
2021_1233_1325,0.44183594
2021_1233_1326,0.32040018
2021_1233_1328,0.48259044
2021_1233_1329,0.22586346
2021_1233_1331,0.5931628
2021_1233_1332,0.26806378
2021_1233_1333,0.54338056
2021_1233_1345,0.3139392
2021_1233_1353,0.48740292
2021_1233_1361,0.24093449
2021_1233_1364,0.40311444
2021_1233_1382,0.32059193
2021_1233_1393,0.39577293
2021_1233_1397,0.2310636
2021_1233_1400,0.23097152
2021_1233_1403,0.29277968
2021_1233_1411,0.45242333
2021_1233_1417,0.42537338
2021_1233_1422,0.47390425
2021_1233_1425,0.2404232
2021_1233_1429,0.30290127
2021_1233_1433,0.39516997
2021_1233_1437,0.32311028
2021_1233_1438,0.33297968
2021_1233_1439,0.3801993
2021_1233_1452,0.2320407
2021_1233_1455,0.56966484
2021_1233_1457,0.3235256
2021_1233_1458,0.42676842
2021_1234_1242,0.6516191
2021_1234_1251,0.69764876
2021_1234_1260,0.51045626
2021_1234_1261,0.5616318
2021_1234_1268,0.6940717
2021_1234_1276,0.5054695
2021_1234_1277,0.6954682
2021_1234_1281,0.7201388
2021_1234_1287,0.7888242
2021_1234_1291,0.7639741
2021_1234_1313,0.7864109
2021_1234_1314,0.7315395
2021_1234_1317,0.7472986
2021_1234_1325,0.72730297
2021_1234_1326,0.4851501
2021_1234_1328,0.7305159
2021_1234_1329,0.6728973
2021_1234_1331,0.79903865
2021_1234_1332,0.5732198
2021_1234_1333,0.65191627
2021_1234_1345,0.74944603
2021_1234_1353,0.64670086
2021_1234_1361,0.55310094
2021_1234_1364,0.6823395
2021_1234_1382,0.53696823
2021_1234_1393,0.5759249
2021_1234_1397,0.6095114
2021_1234_1400,0.6596582
2021_1234_1403,0.5900241
2021_1234_1411,0.7853349
2021_1234_1417,0.7098635
2021_1234_1422,0.7645999
2021_1234_1425,0.73888993
2021_1234_1429,0.64333034
2021_1234_1433,0.63343704
2021_1234_1437,0.6418253
2021_1234_1438,0.633242
2021_1234_1439,0.68930256
2021_1234_1452,0.6550873
2021_1234_1455,0.63359797
2021_1234_1457,0.671545
2021_1234_1458,0.7286314
2021_1242_1251,0.52292955
2021_1242_1260,0.55676246
2021_1242_1261,0.56330454
2021_1242_1268,0.6134739
2021_1242_1276,0.51556575
2021_1242_1277,0.632982
2021_1242_1281,0.5923943
2021_1242_1287,0.7998746
2021_1242_1291,0.7797146
2021_1242_1313,0.80297506
2021_1242_1314,0.51367235
2021_1242_1317,0.6488768
2021_1242_1325,0.70511794
2021_1242_1326,0.5011114
2021_1242_1328,0.5187534
2021_1242_1329,0.5115384
2021_1242_1331,0.7759001
2021_1242_1332,0.53948665
2021_1242_1333,0.6956234
2021_1242_1345,0.50412583
2021_1242_1353,0.6146897
2021_1242_1361,0.5914937
2021_1242_1364,0.59728193
2021_1242_1382,0.5643574
2021_1242_1393,0.50844467
2021_1242_1397,0.5562004
2021_1242_1400,0.5187251
2021_1242_1403,0.49211895
2021_1242_1411,0.71990937
2021_1242_1417,0.69662076
2021_1242_1422,0.6218361
2021_1242_1425,0.47525525
2021_1242_1429,0.6528337
2021_1242_1433,0.5768188
2021_1242_1437,0.4640069
2021_1242_1438,0.42963785
2021_1242_1439,0.6533692
2021_1242_1452,0.5081997
2021_1242_1455,0.65131736
2021_1242_1457,0.6357205
2021_1242_1458,0.6303364
2021_1251_1260,0.3247332
2021_1251_1261,0.38432002
2021_1251_1268,0.47873724
2021_1251_1276,0.19779867
2021_1251_1277,0.473373
2021_1251_1281,0.43537778
2021_1251_1287,0.588963
2021_1251_1291,0.70462763
2021_1251_1313,0.70691884
2021_1251_1314,0.4548118
2021_1251_1317,0.45564032
2021_1251_1325,0.46915448
2021_1251_1326,0.26674557
2021_1251_1328,0.451774
2021_1251_1329,0.32629508
2021_1251_1331,0.5351899
2021_1251_1332,0.40355933
2021_1251_1333,0.46340555
2021_1251_1345,0.34465718
2021_1251_1353,0.42098665
2021_1251_1361,0.32258624
2021_1251_1364,0.47202426
2021_1251_1382,0.3590132
2021_1251_1393,0.3786744
2021_1251_1397,0.3581257
2021_1251_1400,0.31177938
2021_1251_1403,0.29953945
2021_1251_1411,0.7130797
2021_1251_1417,0.3915708
2021_1251_1422,0.63383114
2021_1251_1425,0.3698089
2021_1251_1429,0.39757675
2021_1251_1433,0.4617586
2021_1251_1437,0.30493206
2021_1251_1438,0.25212258
2021_1251_1439,0.41498184
2021_1251_1452,0.2809729
2021_1251_1455,0.47822338
2021_1251_1457,0.46648973
2021_1251_1458,0.5329138
2021_1260_1261,0.62681663
2021_1260_1268,0.5634239
2021_1260_1276,0.4164936
2021_1260_1277,0.7368733
2021_1260_1281,0.5328529
2021_1260_1287,0.63098615
2021_1260_1291,0.5894794
2021_1260_1313,0.6974784
2021_1260_1314,0.71366954
2021_1260_1317,0.63638514
2021_1260_1325,0.62771344
2021_1260_1326,0.533831
2021_1260_1328,0.6827833
2021_1260_1329,0.48144776
2021_1260_1331,0.71403694
2021_1260_1332,0.50782806
2021_1260_1333,0.59791696
2021_1260_1345,0.38690317
2021_1260_1353,0.56683177
2021_1260_1361,0.4594463
2021_1260_1364,0.5891669
2021_1260_1382,0.47915018
2021_1260_1393,0.6357291
2021_1260_1397,0.41775608
2021_1260_1400,0.5222657
2021_1260_1403,0.44196808
2021_1260_1411,0.70070446
2021_1260_1417,0.630617
2021_1260_1422,0.53995657
2021_1260_1425,0.45741284
2021_1260_1429,0.54720676
2021_1260_1433,0.50872517
2021_1260_1437,0.5151641
2021_1260_1438,0.46134138
2021_1260_1439,0.6420462
2021_1260_1452,0.42775637
2021_1260_1455,0.5498738
2021_1260_1457,0.56861204
2021_1260_1458,0.5106751
2021_1261_1268,0.62321174
2021_1261_1276,0.42036325
2021_1261_1277,0.72706556
2021_1261_1281,0.64788413
2021_1261_1287,0.72739923
2021_1261_1291,0.6278138
2021_1261_1313,0.700722
2021_1261_1314,0.45802855
2021_1261_1317,0.5869906
2021_1261_1325,0.6616509
2021_1261_1326,0.5057724
2021_1261_1328,0.49970222
2021_1261_1329,0.43993413
2021_1261_1331,0.59775925
2021_1261_1332,0.48043448
2021_1261_1333,0.6633241
2021_1261_1345,0.35733324
2021_1261_1353,0.72810674
2021_1261_1361,0.37416667
2021_1261_1364,0.5297799
2021_1261_1382,0.3557887
2021_1261_1393,0.60108614
2021_1261_1397,0.38611186
2021_1261_1400,0.41082537
2021_1261_1403,0.28951597
2021_1261_1411,0.6665069
2021_1261_1417,0.63171923
2021_1261_1422,0.5614803
2021_1261_1425,0.35037112
2021_1261_1429,0.51254314
2021_1261_1433,0.6751427
2021_1261_1437,0.33412957
2021_1261_1438,0.32888538
2021_1261_1439,0.6162756
2021_1261_1452,0.34004748
2021_1261_1455,0.75219053
2021_1261_1457,0.5945911
2021_1261_1458,0.48248965
2021_1268_1276,0.27009618
2021_1268_1277,0.5114735
2021_1268_1281,0.48883677
2021_1268_1287,0.5736277
2021_1268_1291,0.52378786
2021_1268_1313,0.51439655
2021_1268_1314,0.373542
2021_1268_1317,0.47682685
2021_1268_1325,0.5286694
2021_1268_1326,0.29499495
2021_1268_1328,0.34976983
2021_1268_1329,0.32250047
2021_1268_1331,0.5502577
2021_1268_1332,0.35084784
2021_1268_1333,0.5895022
2021_1268_1345,0.32465655
2021_1268_1353,0.50782806
2021_1268_1361,0.33695596
2021_1268_1364,0.5578376
2021_1268_1382,0.5006043
2021_1268_1393,0.47264147
2021_1268_1397,0.33384144
2021_1268_1400,0.32691312
2021_1268_1403,0.33265173
2021_1268_1411,0.51577115
2021_1268_1417,0.4739424
2021_1268_1422,0.5430552
2021_1268_1425,0.30296487
2021_1268_1429,0.49200702
2021_1268_1433,0.49157387
2021_1268_1437,0.4221893
2021_1268_1438,0.3303988
2021_1268_1439,0.48058695
2021_1268_1452,0.3234226
2021_1268_1455,0.49871713
2021_1268_1457,0.5479344
2021_1268_1458,0.4668544
2021_1276_1277,0.7095616
2021_1276_1281,0.5595269
2021_1276_1287,0.80297506
2021_1276_1291,0.80297506
2021_1276_1313,0.79819334
2021_1276_1314,0.5734005
2021_1276_1317,0.79077494
2021_1276_1325,0.7785681
2021_1276_1326,0.49191582
2021_1276_1328,0.5327712
2021_1276_1329,0.70073926
2021_1276_1331,0.7487471
2021_1276_1332,0.5700666
2021_1276_1333,0.7875474
2021_1276_1345,0.605437
2021_1276_1353,0.65074265
2021_1276_1361,0.5712215
2021_1276_1364,0.7930467
2021_1276_1382,0.6448916
2021_1276_1393,0.5326631
2021_1276_1397,0.5268129
2021_1276_1400,0.61253107
2021_1276_1403,0.58344233
2021_1276_1411,0.59930474
2021_1276_1417,0.6944284
2021_1276_1422,0.65496755
2021_1276_1425,0.558879
2021_1276_1429,0.62953925
2021_1276_1433,0.5909311
2021_1276_1437,0.6197176
2021_1276_1438,0.6261021
2021_1276_1439,0.73906446
2021_1276_1452,0.58393323
2021_1276_1455,0.7042953
2021_1276_1457,0.64977336
2021_1276_1458,0.6856029
2021_1277_1281,0.34612674
2021_1277_1287,0.48952788
2021_1277_1291,0.57506293
2021_1277_1313,0.550292
2021_1277_1314,0.29691678
2021_1277_1317,0.42745972
2021_1277_1325,0.54856217
2021_1277_1326,0.24300575
2021_1277_1328,0.28489524
2021_1277_1329,0.31128526
2021_1277_1331,0.5207485
2021_1277_1332,0.2804339
2021_1277_1333,0.47414982
2021_1277_1345,0.32962298
2021_1277_1353,0.43480337
2021_1277_1361,0.2815879
2021_1277_1364,0.5449405
2021_1277_1382,0.33337736
2021_1277_1393,0.42277592
2021_1277_1397,0.2961759
2021_1277_1400,0.24314022
2021_1277_1403,0.30079395
2021_1277_1411,0.4970913
2021_1277_1417,0.42530316
2021_1277_1422,0.42861313
2021_1277_1425,0.31130862
2021_1277_1429,0.45404524
2021_1277_1433,0.4806999
2021_1277_1437,0.37581062
2021_1277_1438,0.3196774
2021_1277_1439,0.43508065
2021_1277_1452,0.23212689
2021_1277_1455,0.43537998
2021_1277_1457,0.4925593
2021_1277_1458,0.3639664
2021_1281_1287,0.49739695
2021_1281_1291,0.5970249
2021_1281_1313,0.55247605
2021_1281_1314,0.51815283
2021_1281_1317,0.60527945
2021_1281_1325,0.63445175
2021_1281_1326,0.39386272
2021_1281_1328,0.52097005
2021_1281_1329,0.34929854
2021_1281_1331,0.55792606
2021_1281_1332,0.33181924
2021_1281_1333,0.6287503
2021_1281_1345,0.32102996
2021_1281_1353,0.48430586
2021_1281_1361,0.35556644
2021_1281_1364,0.5827076
2021_1281_1382,0.54592144
2021_1281_1393,0.5561049
2021_1281_1397,0.33926678
2021_1281_1400,0.35182172
2021_1281_1403,0.33926678
2021_1281_1411,0.5122429
2021_1281_1417,0.6662955
2021_1281_1422,0.5307112
2021_1281_1425,0.33813918
2021_1281_1429,0.48308444
2021_1281_1433,0.5015849
2021_1281_1437,0.34476256
2021_1281_1438,0.32480186
2021_1281_1439,0.49858385
2021_1281_1452,0.38308632
2021_1281_1455,0.6008309
2021_1281_1457,0.5035906
2021_1281_1458,0.4969718
2021_1287_1291,0.60093915
2021_1287_1313,0.53380215
2021_1287_1314,0.37367904
2021_1287_1317,0.4846062
2021_1287_1325,0.49679315
2021_1287_1326,0.28353018
2021_1287_1328,0.49713308
2021_1287_1329,0.25461543
2021_1287_1331,0.5342945
2021_1287_1332,0.43814027
2021_1287_1333,0.53706574
2021_1287_1345,0.29292357
2021_1287_1353,0.4982136
2021_1287_1361,0.29103124
2021_1287_1364,0.44204855
2021_1287_1382,0.31990612
2021_1287_1393,0.407009
2021_1287_1397,0.22813207
2021_1287_1400,0.34919995
2021_1287_1403,0.2918654
2021_1287_1411,0.5699456
2021_1287_1417,0.4463308
2021_1287_1422,0.5550735
2021_1287_1425,0.22866869
2021_1287_1429,0.40920502
2021_1287_1433,0.28559685
2021_1287_1437,0.30335534
2021_1287_1438,0.29117566
2021_1287_1439,0.40962654
2021_1287_1452,0.25797474
2021_1287_1455,0.52213967
2021_1287_1457,0.41724634
2021_1287_1458,0.494713
2021_1291_1313,0.5554801
2021_1291_1314,0.23030901
2021_1291_1317,0.28285968
2021_1291_1325,0.37487012
2021_1291_1326,0.23598558
2021_1291_1328,0.2823698
2021_1291_1329,0.21323675
2021_1291_1331,0.5082093
2021_1291_1332,0.27076817
2021_1291_1333,0.45776474
2021_1291_1345,0.23591173
2021_1291_1353,0.40320402
2021_1291_1361,0.22277719
2021_1291_1364,0.34836328
2021_1291_1382,0.30296487
2021_1291_1393,0.35139173
2021_1291_1397,0.20151126
2021_1291_1400,0.21461576
2021_1291_1403,0.24611449
2021_1291_1411,0.5127212
2021_1291_1417,0.4226185
2021_1291_1422,0.30541462
2021_1291_1425,0.2330668
2021_1291_1429,0.2760728
2021_1291_1433,0.29998583
2021_1291_1437,0.2427634
2021_1291_1438,0.23399699
2021_1291_1439,0.34995836
2021_1291_1452,0.2395758
2021_1291_1455,0.45387292
2021_1291_1457,0.3692636
2021_1291_1458,0.4052109
2021_1313_1314,0.23733377
2021_1313_1317,0.3420481
2021_1313_1325,0.41765797
2021_1313_1326,0.29269773
2021_1313_1328,0.25939578
2021_1313_1329,0.21848655
2021_1313_1331,0.43049192
2021_1313_1332,0.25022507
2021_1313_1333,0.5285411
2021_1313_1345,0.30758786
2021_1313_1353,0.3977363
2021_1313_1361,0.22668886
2021_1313_1364,0.3268367
2021_1313_1382,0.32722843
2021_1313_1393,0.37614363
2021_1313_1397,0.20297998
2021_1313_1400,0.23448187
2021_1313_1403,0.23646998
2021_1313_1411,0.4555866
2021_1313_1417,0.42605263
2021_1313_1422,0.34210527
2021_1313_1425,0.24565065
2021_1313_1429,0.3283581
2021_1313_1433,0.3429352
2021_1313_1437,0.30413824
2021_1313_1438,0.3123278
2021_1313_1439,0.45090777
2021_1313_1452,0.25087196
2021_1313_1455,0.4390064
2021_1313_1457,0.30378282
2021_1313_1458,0.39970315
2021_1314_1317,0.5892545
2021_1314_1325,0.51128435
2021_1314_1326,0.5988418
2021_1314_1328,0.50040996
2021_1314_1329,0.45715672
2021_1314_1331,0.62705815
2021_1314_1332,0.49112558
2021_1314_1333,0.66304326
2021_1314_1345,0.6368397
2021_1314_1353,0.582909
2021_1314_1361,0.34491944
2021_1314_1364,0.5752641
2021_1314_1382,0.5052519
2021_1314_1393,0.5963302
2021_1314_1397,0.3344493
2021_1314_1400,0.61735106
2021_1314_1403,0.2872151
2021_1314_1411,0.6998168
2021_1314_1417,0.6101886
2021_1314_1422,0.59225273
2021_1314_1425,0.36217624
2021_1314_1429,0.61420214
2021_1314_1433,0.56535655
2021_1314_1437,0.6021414
2021_1314_1438,0.64124715
2021_1314_1439,0.6056284
2021_1314_1452,0.5082979
2021_1314_1455,0.6536797
2021_1314_1457,0.59495205
2021_1314_1458,0.4947716
2021_1317_1325,0.48700166
2021_1317_1326,0.27910012
2021_1317_1328,0.4806655
2021_1317_1329,0.31127626
2021_1317_1331,0.5787425
2021_1317_1332,0.41227567
2021_1317_1333,0.49421358
2021_1317_1345,0.49836928
2021_1317_1353,0.48606855
2021_1317_1361,0.31923747
2021_1317_1364,0.5271275
2021_1317_1382,0.31715465
2021_1317_1393,0.45862025
2021_1317_1397,0.32510817
2021_1317_1400,0.26593137
2021_1317_1403,0.36562514
2021_1317_1411,0.5737662
2021_1317_1417,0.44046265
2021_1317_1422,0.5346811
2021_1317_1425,0.36344558
2021_1317_1429,0.3311655
2021_1317_1433,0.35691708
2021_1317_1437,0.50237215
2021_1317_1438,0.50572866
2021_1317_1439,0.43969023
2021_1317_1452,0.27418035
2021_1317_1455,0.5542301
2021_1317_1457,0.4744839
2021_1317_1458,0.45609188
2021_1325_1326,0.294057
2021_1325_1328,0.5008464
2021_1325_1329,0.3327958
2021_1325_1331,0.6257311
2021_1325_1332,0.3789839
2021_1325_1333,0.5187251
2021_1325_1345,0.4009096
2021_1325_1353,0.37267292
2021_1325_1361,0.34854114
2021_1325_1364,0.45592666
2021_1325_1382,0.37055838
2021_1325_1393,0.3669868
2021_1325_1397,0.2815346
2021_1325_1400,0.26654583
2021_1325_1403,0.36829525
2021_1325_1411,0.67401886
2021_1325_1417,0.35037112
2021_1325_1422,0.4913578
2021_1325_1425,0.3568704
2021_1325_1429,0.35517412
2021_1325_1433,0.35742867
2021_1325_1437,0.41011244
2021_1325_1438,0.39183205
2021_1325_1439,0.3973748
2021_1325_1452,0.24770993
2021_1325_1455,0.42198563
2021_1325_1457,0.4695235
2021_1325_1458,0.553445
2021_1326_1328,0.43549347
2021_1326_1329,0.4745834
2021_1326_1331,0.6901122
2021_1326_1332,0.53322387
2021_1326_1333,0.70651704
2021_1326_1345,0.56977284
2021_1326_1353,0.57492864
2021_1326_1361,0.52917075
2021_1326_1364,0.6346965
2021_1326_1382,0.50682306
2021_1326_1393,0.53763676
2021_1326_1397,0.47286278
2021_1326_1400,0.4869449
2021_1326_1403,0.4450838
2021_1326_1411,0.54339015
2021_1326_1417,0.66024244
2021_1326_1422,0.6036979
2021_1326_1425,0.5211929
2021_1326_1429,0.5044606
2021_1326_1433,0.35731965
2021_1326_1437,0.51966697
2021_1326_1438,0.5267057
2021_1326_1439,0.6793882
2021_1326_1452,0.46036464
2021_1326_1455,0.67388725
2021_1326_1457,0.61062664
2021_1326_1458,0.5514622
2021_1328_1329,0.39711267
2021_1328_1331,0.5823965
2021_1328_1332,0.48966438
2021_1328_1333,0.65301406
2021_1328_1345,0.47038078
2021_1328_1353,0.57952774
2021_1328_1361,0.3642456
2021_1328_1364,0.61568445
2021_1328_1382,0.49068713
2021_1328_1393,0.5621654
2021_1328_1397,0.366378
2021_1328_1400,0.38798696
2021_1328_1403,0.29394907
2021_1328_1411,0.68772036
2021_1328_1417,0.5590005
2021_1328_1422,0.5334994
2021_1328_1425,0.4097187
2021_1328_1429,0.5776942
2021_1328_1433,0.58210456
2021_1328_1437,0.46023756
2021_1328_1438,0.41862893
2021_1328_1439,0.59495705
2021_1328_1452,0.46418774
2021_1328_1455,0.61322963
2021_1328_1457,0.5715184
2021_1328_1458,0.4668544
2021_1329_1331,0.76288563
2021_1329_1332,0.5750433
2021_1329_1333,0.7405035
2021_1329_1345,0.5152735
2021_1329_1353,0.58541167
2021_1329_1361,0.60202515
2021_1329_1364,0.69752306
2021_1329_1382,0.6365521
2021_1329_1393,0.58808374
2021_1329_1397,0.43724358
2021_1329_1400,0.49953884
2021_1329_1403,0.56162834
2021_1329_1411,0.78021884
2021_1329_1417,0.6168568
2021_1329_1422,0.6249986
2021_1329_1425,0.59188515
2021_1329_1429,0.53277063
2021_1329_1433,0.555784
2021_1329_1437,0.395863
2021_1329_1438,0.46490788
2021_1329_1439,0.58304435
2021_1329_1452,0.464204
2021_1329_1455,0.6499741
2021_1329_1457,0.6021937
2021_1329_1458,0.60837245
2021_1331_1332,0.23926246
2021_1331_1333,0.32658714
2021_1331_1345,0.30987364
2021_1331_1353,0.4109288
2021_1331_1361,0.23965377
2021_1331_1364,0.30241287
2021_1331_1382,0.33832097
2021_1331_1393,0.37391162
2021_1331_1397,0.22757173
2021_1331_1400,0.20487213
2021_1331_1403,0.22757173
2021_1331_1411,0.50349116
2021_1331_1417,0.41058362
2021_1331_1422,0.34336996
2021_1331_1425,0.34620595
2021_1331_1429,0.34119517
2021_1331_1433,0.39196765
2021_1331_1437,0.3077867
2021_1331_1438,0.21218997
2021_1331_1439,0.34472907
2021_1331_1452,0.2593798
2021_1331_1455,0.36293387
2021_1331_1457,0.2898088
2021_1331_1458,0.30088836
2021_1332_1333,0.59825563
2021_1332_1345,0.37243104
2021_1332_1353,0.54605865
2021_1332_1361,0.5004791
2021_1332_1364,0.57094514
2021_1332_1382,0.60502625
2021_1332_1393,0.5865309
2021_1332_1397,0.396392
2021_1332_1400,0.38461393
2021_1332_1403,0.5010252
2021_1332_1411,0.6966711
2021_1332_1417,0.624668
2021_1332_1422,0.5075896
2021_1332_1425,0.49099785
2021_1332_1429,0.58991146
2021_1332_1433,0.4772994
2021_1332_1437,0.35906124
2021_1332_1438,0.3191347
2021_1332_1439,0.58410466
2021_1332_1452,0.39071923
2021_1332_1455,0.60281557
2021_1332_1457,0.5412335
2021_1332_1458,0.6320541
2021_1333_1345,0.29078203
2021_1333_1353,0.4006263
2021_1333_1361,0.3116089
2021_1333_1364,0.5199953
2021_1333_1382,0.30296487
2021_1333_1393,0.4264776
2021_1333_1397,0.29755533
2021_1333_1400,0.22670245
2021_1333_1403,0.27718967
2021_1333_1411,0.55182844
2021_1333_1417,0.42602646
2021_1333_1422,0.47689795
2021_1333_1425,0.31130862
2021_1333_1429,0.4481287
2021_1333_1433,0.3520398
2021_1333_1437,0.37327927
2021_1333_1438,0.3706748
2021_1333_1439,0.3481353
2021_1333_1452,0.24028838
2021_1333_1455,0.43968993
2021_1333_1457,0.4906152
2021_1333_1458,0.3833598
2021_1345_1353,0.55579925
2021_1345_1361,0.5188594
2021_1345_1364,0.52514166
2021_1345_1382,0.4646253
2021_1345_1393,0.61890423
2021_1345_1397,0.5385184
2021_1345_1400,0.5150825
2021_1345_1403,0.49410486
2021_1345_1411,0.636497
2021_1345_1417,0.53040886
2021_1345_1422,0.41922337
2021_1345_1425,0.4314077
2021_1345_1429,0.49631858
2021_1345_1433,0.414649
2021_1345_1437,0.43471807
2021_1345_1438,0.457977
2021_1345_1439,0.5825942
2021_1345_1452,0.5385184
2021_1345_1455,0.5686425
2021_1345_1457,0.5163966
2021_1345_1458,0.52955115
2021_1353_1361,0.34026897
2021_1353_1364,0.49324095
2021_1353_1382,0.43428427
2021_1353_1393,0.42395693
2021_1353_1397,0.35157037
2021_1353_1400,0.4073956
2021_1353_1403,0.31573427
2021_1353_1411,0.5217557
2021_1353_1417,0.41655993
2021_1353_1422,0.57672966
2021_1353_1425,0.3575958
2021_1353_1429,0.44792914
2021_1353_1433,0.4841336
2021_1353_1437,0.4162817
2021_1353_1438,0.3416555
2021_1353_1439,0.4507233
2021_1353_1452,0.43906927
2021_1353_1455,0.48719245
2021_1353_1457,0.5052235
2021_1353_1458,0.4344524
2021_1361_1364,0.6179947
2021_1361_1382,0.6465638
2021_1361_1393,0.71281844
2021_1361_1397,0.48756146
2021_1361_1400,0.44574314
2021_1361_1403,0.49358076
2021_1361_1411,0.6901219
2021_1361_1417,0.5888021
2021_1361_1422,0.5750668
2021_1361_1425,0.44421887
2021_1361_1429,0.4951946
2021_1361_1433,0.5711651
2021_1361_1437,0.4275232
2021_1361_1438,0.45613664
2021_1361_1439,0.60186803
2021_1361_1452,0.42991215
2021_1361_1455,0.741642
2021_1361_1457,0.6104831
2021_1361_1458,0.6626067
2021_1364_1382,0.33147007
2021_1364_1393,0.43002844
2021_1364_1397,0.39887816
2021_1364_1400,0.36802703
2021_1364_1403,0.3772546
2021_1364_1411,0.75866514
2021_1364_1417,0.48031074
2021_1364_1422,0.48837113
2021_1364_1425,0.41419435
2021_1364_1429,0.4733411
2021_1364_1433,0.4477473
2021_1364_1437,0.46542394
2021_1364_1438,0.4562357
2021_1364_1439,0.47697306
2021_1364_1452,0.29552227
2021_1364_1455,0.47319835
2021_1364_1457,0.48839074
2021_1364_1458,0.51524484
2021_1382_1393,0.5592328
2021_1382_1397,0.3601209
2021_1382_1400,0.45939744
2021_1382_1403,0.4043225
2021_1382_1411,0.61365694
2021_1382_1417,0.640406
2021_1382_1422,0.4982499
2021_1382_1425,0.44263226
2021_1382_1429,0.4744572
2021_1382_1433,0.4961691
2021_1382_1437,0.44236273
2021_1382_1438,0.5904697
2021_1382_1439,0.47628123
2021_1382_1452,0.47238743
2021_1382_1455,0.65248394
2021_1382_1457,0.5714157
2021_1382_1458,0.5292246
2021_1393_1397,0.37873167
2021_1393_1400,0.47627395
2021_1393_1403,0.3537473
2021_1393_1411,0.5262364
2021_1393_1417,0.4964977
2021_1393_1422,0.61718595
2021_1393_1425,0.381001
2021_1393_1429,0.49487305
2021_1393_1433,0.5062989
2021_1393_1437,0.44325578
2021_1393_1438,0.32189453
2021_1393_1439,0.47878373
2021_1393_1452,0.47644913
2021_1393_1455,0.51712036
2021_1393_1457,0.51128274
2021_1393_1458,0.46393698
2021_1397_1400,0.4604079
2021_1397_1403,0.48993498
2021_1397_1411,0.7632958
2021_1397_1417,0.6226957
2021_1397_1422,0.5506968
2021_1397_1425,0.4272979
2021_1397_1429,0.58610284
2021_1397_1433,0.6168994
2021_1397_1437,0.42996544
2021_1397_1438,0.43812072
2021_1397_1439,0.6579136
2021_1397_1452,0.47238743
2021_1397_1455,0.6547867
2021_1397_1457,0.56890357
2021_1397_1458,0.6438477
2021_1400_1403,0.53034
2021_1400_1411,0.6843969
2021_1400_1417,0.7086848
2021_1400_1422,0.61154556
2021_1400_1425,0.56901264
2021_1400_1429,0.6730057
2021_1400_1433,0.5288192
2021_1400_1437,0.52318096
2021_1400_1438,0.46933025
2021_1400_1439,0.6282031
2021_1400_1452,0.43568534
2021_1400_1455,0.7351856
2021_1400_1457,0.55934566
2021_1400_1458,0.58247405
2021_1403_1411,0.72798884
2021_1403_1417,0.6561427
2021_1403_1422,0.59048223
2021_1403_1425,0.44247276
2021_1403_1429,0.5573617
2021_1403_1433,0.5402689
2021_1403_1437,0.43160325
2021_1403_1438,0.4586209
2021_1403_1439,0.66236365
2021_1403_1452,0.46032584
2021_1403_1455,0.7559863
2021_1403_1457,0.5484876
2021_1403_1458,0.6402451
2021_1411_1417,0.4449879
2021_1411_1422,0.38009948
2021_1411_1425,0.31484193
2021_1411_1429,0.33052003
2021_1411_1433,0.39098984
2021_1411_1437,0.34048855
2021_1411_1438,0.3123278
2021_1411_1439,0.4794045
2021_1411_1452,0.3284604
2021_1411_1455,0.45417774
2021_1411_1457,0.3818102
2021_1411_1458,0.39732814
2021_1417_1422,0.45503134
2021_1417_1425,0.335158
2021_1417_1429,0.50065756
2021_1417_1433,0.4480449
2021_1417_1437,0.4012298
2021_1417_1438,0.34655762
2021_1417_1439,0.48756146
2021_1417_1452,0.29277247
2021_1417_1455,0.54859436
2021_1417_1457,0.48587972
2021_1417_1458,0.57027376
2021_1422_1425,0.37901336
2021_1422_1429,0.36031616
2021_1422_1433,0.38694793
2021_1422_1437,0.66121316
2021_1422_1438,0.5578569
2021_1422_1439,0.50348175
2021_1422_1452,0.3725186
2021_1422_1455,0.5481929
2021_1422_1457,0.46076268
2021_1422_1458,0.4739099
2021_1425_1429,0.5367844
2021_1425_1433,0.5334143
2021_1425_1437,0.48651963
2021_1425_1438,0.5633776
2021_1425_1439,0.631557
2021_1425_1452,0.47761947
2021_1425_1455,0.6303098
2021_1425_1457,0.5295087
2021_1425_1458,0.574926
2021_1429_1433,0.4390821
2021_1429_1437,0.4396674
2021_1429_1438,0.59090537
2021_1429_1439,0.49500388
2021_1429_1452,0.37113523
2021_1429_1455,0.5392002
2021_1429_1457,0.49759877
2021_1429_1458,0.6157546
2021_1433_1437,0.42681438
2021_1433_1438,0.40595192
2021_1433_1439,0.4902836
2021_1433_1452,0.4870084
2021_1433_1455,0.45731604
2021_1433_1457,0.5142449
2021_1433_1458,0.44173455
2021_1437_1438,0.47878373
2021_1437_1439,0.57426095
2021_1437_1452,0.41383743
2021_1437_1455,0.702256
2021_1437_1457,0.47699648
2021_1437_1458,0.542989
2021_1438_1439,0.6020413
2021_1438_1452,0.49870795
2021_1438_1455,0.67123234
2021_1438_1457,0.5640216
2021_1438_1458,0.55484354
2021_1439_1452,0.40276742
2021_1439_1455,0.5136603
2021_1439_1457,0.53095704
2021_1439_1458,0.54784554
2021_1452_1455,0.69942296
2021_1452_1457,0.57969314
2021_1452_1458,0.58892596
2021_1455_1457,0.4695174
2021_1455_1458,0.32044297
2021_1457_1458,0.5857192
